Sample_ID,extraction_ID,pcr_replicate,miseq_run,alternative_ID,collection_year,collection_month,collection_day,location1,location2,time_of_day,longitude,latitude,sample_type,depth,project,extraction_by,extraction_date,plate_or_vial,extraction_plate,extraction_well
e00611_A,e00611,A,20240423,NW21_2-10,2021,8,30,2,Northern Bering Sea,08202017 20:15:42.489,60.0014,-169.0017,sample,10,NBS,MP,2022_02_23,plate,1_2022,A01
e00612_A,e00612,A,20240423,NW21_2-10,2021,8,30,2,Northern Bering Sea,08202017 20:15:42.489,60.0014,-169.0017,sample,10,NBS,MP,2022_02_23,plate,1_2022,B01
e00613_A,e00613,A,20240423,NW21_2-10,2021,8,30,2,Northern Bering Sea,08202017 20:15:42.489,60.0014,-169.0017,sample,10,NBS,MP,2022_02_23,plate,1_2022,C01
e00614_A,e00614,A,20240423,NW21_5-40,2021,8,31,5,Northern Bering Sea,08312021 20:39:34.703,60.5,-170.9946,sample,40,NBS,MP,2022_02_23,plate,1_2022,D01
e00615_A,e00615,A,20240423,NW21_5-40,2021,8,31,5,Northern Bering Sea,08312021 20:39:34.703,60.5,-170.9946,sample,40,NBS,MP,2022_02_23,plate,1_2022,E01
e00616_A,e00616,A,20240423,NW21_5-40,2021,8,31,5,Northern Bering Sea,08312021 20:39:34.703,60.5,-170.9946,sample,40,NBS,MP,2022_02_23,plate,1_2022,F01
e00617_A,e00617,A,20240423,NW21_5-10,2021,8,31,5,Northern Bering Sea,08312021 20:39:34.703,60.5,-170.9946,sample,10,NBS,MP,2022_02_23,plate,1_2022,G01
e00618_A,e00618,A,20240423,NW21_5-10,2021,8,31,5,Northern Bering Sea,08312021 20:39:34.703,60.5,-170.9946,sample,10,NBS,MP,2022_02_23,plate,1_2022,H01
e00619_A,e00619,A,20240423,NW21_5-10,2021,8,31,5,Northern Bering Sea,08312021 20:39:34.703,60.5,-170.9946,sample,10,NBS,MP,2022_02_23,plate,1_2022,A02
e00620_A,e00620,A,20240423,NW21_5b,2021,8,31,5,Northern Bering Sea,08312021 20:39:34.703,60.5,-170.9946,field_blank,NA,NBS,MP,2022_02_23,plate,1_2022,B02
e00621_A,e00621,A,20240423,NW21_8-10,2021,9,1,8,Northern Bering Sea,09012021 20:17:53.075,60.4995,-168.0016,sample,10,NBS,MP,2022_02_23,plate,1_2022,C02
e00622_A,e00622,A,20240423,NW21_8-10,2021,9,1,8,Northern Bering Sea,09012021 20:17:53.075,60.4995,-168.0016,sample,10,NBS,MP,2022_02_23,plate,1_2022,D02
e00623_A,e00623,A,20240423,NW21_8-10,2021,9,1,8,Northern Bering Sea,09012021 20:17:53.075,60.4995,-168.0016,sample,10,NBS,MP,2022_02_23,plate,1_2022,E02
e00624_A,e00624,A,20240423,NW21_8b,2021,9,1,8,Northern Bering Sea,09012021 20:17:53.075,60.4995,-168.0016,field_blank,NA,NBS,MP,2022_02_23,plate,1_2022,F02
e00625_A,e00625,A,20240423,NA,NA,NA,NA,NA,NA,NA,NA,NA,extraction_blank,NA,NBS,MP,2022_02_23,plate,1_2022,G02
e00626_A,e00626,A,20240423,NW21_11-10,2021,9,2,11,Northern Bering Sea,09022021 20:28:38.688,61.0025,-168.002,sample,10,NBS,MP,2022_02_23,plate,1_2022,H02
e00627_A,e00627,A,20240423,NW21_11-10,2021,9,2,11,Northern Bering Sea,09022021 20:28:38.688,61.0025,-168.002,sample,10,NBS,MP,2022_02_23,plate,1_2022,A03
e00628_A,e00628,A,20240423,NW21_11b,2021,9,2,11,Northern Bering Sea,09022021 20:28:38.688,61.0025,-168.002,field_blank,NA,NBS,MP,2022_02_23,plate,1_2022,B03
e00629_A,e00629,A,20240423,NW21_2b,2021,8,30,2,Northern Bering Sea,08202017 20:15:42.489,60.0014,-169.0017,field_blank,NA,NBS,MP,2022_02_23,plate,1_2022,C03
e00630_A,e00630,A,20240423,NW21_17-10,2021,9,4,17,Northern Bering Sea,09042021 20:26:56.815,61.5004,-168.9987,sample,10,NBS,MP,2022_02_23,plate,1_2022,D03
e00631_A,e00631,A,20240423,NW21_17-10,2021,9,4,17,Northern Bering Sea,09042021 20:26:56.815,61.5004,-168.9987,sample,10,NBS,MP,2022_02_23,plate,1_2022,E03
e00632_A,e00632,A,20240423,NW21_17-10,2021,9,4,17,Northern Bering Sea,09042021 20:26:56.815,61.5004,-168.9987,sample,10,NBS,MP,2022_02_23,plate,1_2022,F03
e00633_A,e00633,A,20240423,NW21_17b,2021,9,4,17,Northern Bering Sea,09042021 20:26:56.815,61.5004,-168.9987,field_blank,NA,NBS,MP,2022_02_23,plate,1_2022,G03
e00634_A,e00634,A,20240423,NW21_20-10,2021,9,5,20,Northern Bering Sea,09052021 21:01:01.200,62.0006,-166.9998,sample,10,NBS,MP,2022_02_23,plate,1_2022,H03
e00635_A,e00635,A,20240423,NW21_20-10,2021,9,5,20,Northern Bering Sea,09052021 21:01:01.200,62.0006,-166.9998,sample,10,NBS,MP,2022_02_23,plate,1_2022,A04
e00636_A,e00636,A,20240423,NW21_20-10,2021,9,5,20,Northern Bering Sea,09052021 21:01:01.200,62.0006,-166.9998,sample,10,NBS,MP,2022_02_23,plate,1_2022,B04
e00637_A,e00637,A,20240423,NW21_20b,2021,9,5,20,Northern Bering Sea,09052021 21:01:01.200,62.0006,-166.9998,field_blank,NA,NBS,MP,2022_02_23,plate,1_2022,C04
e00638_A,e00638,A,20240423,NW21_23-40,2021,9,6,23,Northern Bering Sea,09062021 20:40:32.158,62.0002,-169.9995,sample,40,NBS,MP,2022_02_23,plate,1_2022,D04
e00639_A,e00639,A,20240423,NW21_23-40,2021,9,6,23,Northern Bering Sea,09062021 20:40:32.158,62.0002,-169.9995,sample,40,NBS,MP,2022_02_23,plate,1_2022,E04
e00640_A,e00640,A,20240423,NW21_23-40,2021,9,6,23,Northern Bering Sea,09062021 20:40:32.158,62.0002,-169.9995,sample,40,NBS,MP,2022_02_23,plate,1_2022,F04
e00641_A,e00641,A,20240423,NW21_23-10,2021,9,6,23,Northern Bering Sea,09062021 20:40:32.158,62.0002,-169.9995,sample,10,NBS,MP,2022_02_23,plate,1_2022,G04
e00642_A,e00642,A,20240423,NW21_23-10,2021,9,6,23,Northern Bering Sea,09062021 20:40:32.158,62.0002,-169.9995,sample,10,NBS,MP,2022_02_23,plate,1_2022,H04
e00643_A,e00643,A,20240423,NW21_23-10,2021,9,6,23,Northern Bering Sea,09062021 20:40:32.158,62.0002,-169.9995,sample,10,NBS,MP,2022_02_23,plate,1_2022,A05
e00644_A,e00644,A,20240423,NW21_23b,2021,9,6,23,Northern Bering Sea,09062021 20:40:32.158,62.0002,-169.9995,field_blank,NA,NBS,MP,2022_02_23,plate,1_2022,B05
e00645_A,e00645,A,20240423,NW21_26-10,2021,9,7,26,Northern Bering Sea,09072021 20:24:38.304,62.4999,-169.9952,sample,10,NBS,MP,2022_02_23,plate,1_2022,C05
e00646_A,e00646,A,20240423,NW21_26-10,2021,9,7,26,Northern Bering Sea,09072021 20:24:38.304,62.4999,-169.9952,sample,10,NBS,MP,2022_02_23,plate,1_2022,D05
e00647_A,e00647,A,20240423,NW21_26-10,2021,9,7,26,Northern Bering Sea,09072021 20:24:38.304,62.4999,-169.9952,sample,10,NBS,MP,2022_02_23,plate,1_2022,E05
e00648_A,e00648,A,20240423,NW21_26b,2021,9,7,26,Northern Bering Sea,09072021 20:24:38.304,62.4999,-169.9952,field_blank,NA,NBS,MP,2022_02_23,plate,1_2022,F05
e00649_A,e00649,A,20240423,NW21_29-10,2021,9,8,29,Northern Bering Sea,09082021 20:16:41.371,62.4995,-166.9961,sample,10,NBS,MP,2022_02_23,plate,1_2022,G05
e00650_A,e00650,A,20240423,NW21_29-10,2021,9,8,29,Northern Bering Sea,09082021 20:16:41.371,62.4995,-166.9961,sample,10,NBS,MP,2022_02_23,plate,1_2022,H05
e00651_A,e00651,A,20240423,NW21_29-10,2021,9,8,29,Northern Bering Sea,09082021 20:16:41.371,62.4995,-166.9961,sample,10,NBS,MP,2022_02_23,plate,1_2022,A06
e00652_A,e00652,A,20240423,NW21_29b,2021,9,8,29,Northern Bering Sea,09082021 20:16:41.371,62.4995,-166.9961,field_blank,NA,NBS,MP,2022_02_23,plate,1_2022,B06
e00653_A,e00653,A,20240423,NW21_23-10,2021,9,9,32,Northern Bering Sea,09062021 20:40:32.158,62.0002,-169.9995,sample,10,NBS,MP,2022_02_23,plate,1_2022,C06
e00654_A,e00654,A,20240423,NW21_23-10,2021,9,9,32,Northern Bering Sea,09062021 20:40:32.158,62.0002,-169.9995,sample,10,NBS,MP,2022_02_23,plate,1_2022,D06
e00655_A,e00655,A,20240423,NW21_23-10,2021,9,9,32,Northern Bering Sea,09062021 20:40:32.158,62.0002,-169.9995,sample,10,NBS,MP,2022_02_23,plate,1_2022,E06
e00656_A,e00656,A,20240423,NW21_23b,2021,9,9,32,Northern Bering Sea,09062021 20:40:32.158,62.0002,-169.9995,field_blank,NA,NBS,MP,2022_02_23,plate,1_2022,F06
e00657_A,e00657,A,20240423,NW21_35-10,2021,9,10,35,Northern Bering Sea,09102021 21:19:52.199,64.0006,-169.0008,sample,10,NBS,MP,2022_02_23,plate,1_2022,G06
e00658_A,e00658,A,20240423,NA,NA,NA,NA,NA,NA,NA,NA,NA,extraction_blank,NA,NBS,MP,2022_02_23,plate,1_2022,H06
e00659_A,e00659,A,20240423,NW21_35-10,2021,9,10,35,Northern Bering Sea,09102021 21:19:52.199,64.0006,-169.0008,sample,10,NBS,MP,2022_02_23,plate,1_2022,A07
e00660_A,e00660,A,20240423,NW21_35-10,2021,9,10,35,Northern Bering Sea,09102021 21:19:52.199,64.0006,-169.0008,sample,10,NBS,MP,2022_02_23,plate,1_2022,B07
e00661_A,e00661,A,20240423,NW21_35b,2021,9,10,35,Northern Bering Sea,09102021 21:19:52.199,64.0006,-169.0008,field_blank,NA,NBS,MP,2022_02_23,plate,1_2022,C07
e00662_A,e00662,A,20240423,NW21_38-10,2021,9,11,38,Northern Bering Sea,09112021 20:59:14.386,65.0022,-167.5036,sample,10,NBS,MP,2022_02_23,plate,1_2022,D07
e00663_A,e00663,A,20240423,NW21_38-10,2021,9,11,38,Northern Bering Sea,09112021 20:59:14.386,65.0022,-167.5036,sample,10,NBS,MP,2022_02_23,plate,1_2022,E07
e00664_A,e00664,A,20240423,NW21_38-10,2021,9,11,38,Northern Bering Sea,09112021 20:59:14.386,65.0022,-167.5036,sample,10,NBS,MP,2022_02_23,plate,1_2022,F07
e00665_A,e00665,A,20240423,NW21_38b,2021,9,11,38,Northern Bering Sea,09112021 20:59:14.386,65.0022,-167.5036,field_blank,NA,NBS,MP,2022_02_23,plate,1_2022,G07
e00666_A,e00666,A,20240423,NW21_40-10,2021,9,12,40,Northern Bering Sea,09122021 19:55:00.846,64.5,-168.001,sample,10,NBS,MP,2022_02_23,plate,1_2022,H07
e00667_A,e00667,A,20240423,NW21_40-10,2021,9,12,40,Northern Bering Sea,09122021 19:55:00.846,64.5,-168.001,sample,10,NBS,MP,2022_02_23,plate,1_2022,A08
e00668_A,e00668,A,20240423,NW21_40-10,2021,9,12,40,Northern Bering Sea,09122021 19:55:00.846,64.5,-168.001,sample,10,NBS,MP,2022_02_23,plate,1_2022,B08
e00669_A,e00669,A,20240423,NW21_40b,2021,9,12,40,Northern Bering Sea,09122021 19:55:00.846,64.5,-168.001,field_blank,NA,NBS,MP,2022_02_23,plate,1_2022,C08
e00670_A,e00670,A,20240423,NW21_43-10,2021,9,13,43,Northern Bering Sea,09132021 20:16:05.224,64.0003,-166.0012,sample,10,NBS,MP,2022_02_23,plate,1_2022,D08
e00671_A,e00671,A,20240423,NW21_43-10,2021,9,13,43,Northern Bering Sea,09132021 20:16:05.224,64.0003,-166.0012,sample,10,NBS,MP,2022_02_23,plate,1_2022,E08
e00672_A,e00672,A,20240423,NW21_43-10,2021,9,13,43,Northern Bering Sea,09132021 20:16:05.224,64.0003,-166.0012,sample,10,NBS,MP,2022_02_23,plate,1_2022,F08
e00673_A,e00673,A,20240423,NW21_43b,2021,9,13,43,Northern Bering Sea,09132021 20:16:05.224,64.0003,-166.0012,field_blank,NA,NBS,MP,2022_02_23,plate,1_2022,G08
e00674_A,e00674,A,20240423,NW21_46-10,2021,9,14,46,Northern Bering Sea,09142021 20:33:35.514,64.1004,-162.499,sample,10,NBS,MP,2022_02_23,plate,1_2022,H08
e00675_A,e00675,A,20240423,NW21_46-10,2021,9,14,46,Northern Bering Sea,09142021 20:33:35.514,64.1004,-162.499,sample,10,NBS,MP,2022_02_23,plate,1_2022,A09
e00676_A,e00676,A,20240423,NW21_46-10,2021,9,14,46,Northern Bering Sea,09142021 20:33:35.514,64.1004,-162.499,sample,10,NBS,MP,2022_02_23,plate,1_2022,B09
e00677_A,e00677,A,20240423,NW21_46b,2021,9,14,46,Northern Bering Sea,09142021 20:33:35.514,64.1004,-162.499,field_blank,NA,NBS,MP,2022_02_23,plate,1_2022,C09
e00678_A,e00678,A,20240423,NW21_14-10,2021,9,3,14,Northern Bering Sea,09032021 20:50:34.316,60.9997,-171.0066,sample,10,NBS,MP,2022_02_23,plate,1_2022,D09
e00679_A,e00679,A,20240423,NW21_14-10,2021,9,3,14,Northern Bering Sea,09032021 20:50:34.316,60.9997,-171.0066,sample,10,NBS,MP,2022_02_23,plate,1_2022,E09
e00680_A,e00680,A,20240423,NW21_14-10,2021,9,3,14,Northern Bering Sea,09032021 20:50:34.316,60.9997,-171.0066,sample,10,NBS,MP,2022_02_23,plate,1_2022,F09
e00681_A,e00681,A,20240423,NW21_14-50,2021,9,3,14,Northern Bering Sea,09032021 20:50:34.316,60.9997,-171.0066,sample,50,NBS,MP,2022_02_23,plate,1_2022,G09
e00682_A,e00682,A,20240423,NW21_14-50,2021,9,3,14,Northern Bering Sea,09032021 20:50:34.316,60.9997,-171.0066,sample,50,NBS,MP,2022_02_23,plate,1_2022,H09
e0683_A,e0683,A,20240423,NW21_14-50,2021,9,3,14,Northern Bering Sea,09032021 20:50:34.316,60.9997,-171.0066,sample,50,NBS,MP,2022_02_23,plate,1_2022,A10
PC1_A,PC1,A,20240423,NA,NA,NA,NA,NA,NA,NA,NA,NA,positive_control,NA,NA,NA,NA,NA,NA,NA
NC1_A,NC1,A,20240423,NA,NA,NA,NA,NA,NA,NA,NA,NA,PCR_control,NA,NA,NA,NA,NA,NA,NA
e00611_B,e00611,B,20240423,NW21_2-10,2021,8,30,2,Northern Bering Sea,08202017 20:15:42.489,60.0014,-169.0017,sample,10,NBS,MP,2022_02_23,plate,1_2022,A01
e00612_B,e00612,B,20240423,NW21_2-10,2021,8,30,2,Northern Bering Sea,08202017 20:15:42.489,60.0014,-169.0017,sample,10,NBS,MP,2022_02_23,plate,1_2022,B01
e00613_B,e00613,B,20240423,NW21_2-10,2021,8,30,2,Northern Bering Sea,08202017 20:15:42.489,60.0014,-169.0017,sample,10,NBS,MP,2022_02_23,plate,1_2022,C01
e00614_B,e00614,B,20240423,NW21_5-40,2021,8,31,5,Northern Bering Sea,08312021 20:39:34.703,60.5,-170.9946,sample,40,NBS,MP,2022_02_23,plate,1_2022,D01
e00615_B,e00615,B,20240423,NW21_5-40,2021,8,31,5,Northern Bering Sea,08312021 20:39:34.703,60.5,-170.9946,sample,40,NBS,MP,2022_02_23,plate,1_2022,E01
e00616_B,e00616,B,20240423,NW21_5-40,2021,8,31,5,Northern Bering Sea,08312021 20:39:34.703,60.5,-170.9946,sample,40,NBS,MP,2022_02_23,plate,1_2022,F01
e00617_B,e00617,B,20240423,NW21_5-10,2021,8,31,5,Northern Bering Sea,08312021 20:39:34.703,60.5,-170.9946,sample,10,NBS,MP,2022_02_23,plate,1_2022,G01
e00618_B,e00618,B,20240423,NW21_5-10,2021,8,31,5,Northern Bering Sea,08312021 20:39:34.703,60.5,-170.9946,sample,10,NBS,MP,2022_02_23,plate,1_2022,H01
e00619_B,e00619,B,20240423,NW21_5-10,2021,8,31,5,Northern Bering Sea,08312021 20:39:34.703,60.5,-170.9946,sample,10,NBS,MP,2022_02_23,plate,1_2022,A02
e00620_B,e00620,B,20240423,NW21_5b,2021,8,31,5,Northern Bering Sea,08312021 20:39:34.703,60.5,-170.9946,field_blank,NA,NBS,MP,2022_02_23,plate,1_2022,B02
e00621_B,e00621,B,20240423,NW21_8-10,2021,9,1,8,Northern Bering Sea,09012021 20:17:53.075,60.4995,-168.0016,sample,10,NBS,MP,2022_02_23,plate,1_2022,C02
e00622_B,e00622,B,20240423,NW21_8-10,2021,9,1,8,Northern Bering Sea,09012021 20:17:53.075,60.4995,-168.0016,sample,10,NBS,MP,2022_02_23,plate,1_2022,D02
e00623_B,e00623,B,20240423,NW21_8-10,2021,9,1,8,Northern Bering Sea,09012021 20:17:53.075,60.4995,-168.0016,sample,10,NBS,MP,2022_02_23,plate,1_2022,E02
e00624_B,e00624,B,20240423,NW21_8b,2021,9,1,8,Northern Bering Sea,09012021 20:17:53.075,60.4995,-168.0016,field_blank,NA,NBS,MP,2022_02_23,plate,1_2022,F02
e00625_B,e00625,B,20240423,NA,NA,NA,NA,NA,NA,NA,NA,NA,extraction_blank,NA,NBS,MP,2022_02_23,plate,1_2022,G02
e00626_B,e00626,B,20240423,NW21_11-10,2021,9,2,11,Northern Bering Sea,09022021 20:28:38.688,61.0025,-168.002,sample,10,NBS,MP,2022_02_23,plate,1_2022,H02
e00627_B,e00627,B,20240423,NW21_11-10,2021,9,2,11,Northern Bering Sea,09022021 20:28:38.688,61.0025,-168.002,sample,10,NBS,MP,2022_02_23,plate,1_2022,A03
e00628_B,e00628,B,20240423,NW21_11b,2021,9,2,11,Northern Bering Sea,09022021 20:28:38.688,61.0025,-168.002,field_blank,NA,NBS,MP,2022_02_23,plate,1_2022,B03
e00629_B,e00629,B,20240423,NW21_2b,2021,8,30,2,Northern Bering Sea,08202017 20:15:42.489,60.0014,-169.0017,field_blank,NA,NBS,MP,2022_02_23,plate,1_2022,C03
e00630_B,e00630,B,20240423,NW21_17-10,2021,9,4,17,Northern Bering Sea,09042021 20:26:56.815,61.5004,-168.9987,sample,10,NBS,MP,2022_02_23,plate,1_2022,D03
e00631_B,e00631,B,20240423,NW21_17-10,2021,9,4,17,Northern Bering Sea,09042021 20:26:56.815,61.5004,-168.9987,sample,10,NBS,MP,2022_02_23,plate,1_2022,E03
e00632_B,e00632,B,20240423,NW21_17-10,2021,9,4,17,Northern Bering Sea,09042021 20:26:56.815,61.5004,-168.9987,sample,10,NBS,MP,2022_02_23,plate,1_2022,F03
e00633_B,e00633,B,20240423,NW21_17b,2021,9,4,17,Northern Bering Sea,09042021 20:26:56.815,61.5004,-168.9987,field_blank,NA,NBS,MP,2022_02_23,plate,1_2022,G03
e00634_B,e00634,B,20240423,NW21_20-10,2021,9,5,20,Northern Bering Sea,09052021 21:01:01.200,62.0006,-166.9998,sample,10,NBS,MP,2022_02_23,plate,1_2022,H03
e00635_B,e00635,B,20240423,NW21_20-10,2021,9,5,20,Northern Bering Sea,09052021 21:01:01.200,62.0006,-166.9998,sample,10,NBS,MP,2022_02_23,plate,1_2022,A04
e00636_B,e00636,B,20240423,NW21_20-10,2021,9,5,20,Northern Bering Sea,09052021 21:01:01.200,62.0006,-166.9998,sample,10,NBS,MP,2022_02_23,plate,1_2022,B04
e00637_B,e00637,B,20240423,NW21_20b,2021,9,5,20,Northern Bering Sea,09052021 21:01:01.200,62.0006,-166.9998,field_blank,NA,NBS,MP,2022_02_23,plate,1_2022,C04
e00638_B,e00638,B,20240423,NW21_23-40,2021,9,6,23,Northern Bering Sea,09062021 20:40:32.158,62.0002,-169.9995,sample,40,NBS,MP,2022_02_23,plate,1_2022,D04
e00639_B,e00639,B,20240423,NW21_23-40,2021,9,6,23,Northern Bering Sea,09062021 20:40:32.158,62.0002,-169.9995,sample,40,NBS,MP,2022_02_23,plate,1_2022,E04
e00640_B,e00640,B,20240423,NW21_23-40,2021,9,6,23,Northern Bering Sea,09062021 20:40:32.158,62.0002,-169.9995,sample,40,NBS,MP,2022_02_23,plate,1_2022,F04
e00641_B,e00641,B,20240423,NW21_23-10,2021,9,6,23,Northern Bering Sea,09062021 20:40:32.158,62.0002,-169.9995,sample,10,NBS,MP,2022_02_23,plate,1_2022,G04
e00642_B,e00642,B,20240423,NW21_23-10,2021,9,6,23,Northern Bering Sea,09062021 20:40:32.158,62.0002,-169.9995,sample,10,NBS,MP,2022_02_23,plate,1_2022,H04
e00643_B,e00643,B,20240423,NW21_23-10,2021,9,6,23,Northern Bering Sea,09062021 20:40:32.158,62.0002,-169.9995,sample,10,NBS,MP,2022_02_23,plate,1_2022,A05
e00644_B,e00644,B,20240423,NW21_23b,2021,9,6,23,Northern Bering Sea,09062021 20:40:32.158,62.0002,-169.9995,field_blank,NA,NBS,MP,2022_02_23,plate,1_2022,B05
e00645_B,e00645,B,20240423,NW21_26-10,2021,9,7,26,Northern Bering Sea,09072021 20:24:38.304,62.4999,-169.9952,sample,10,NBS,MP,2022_02_23,plate,1_2022,C05
e00646_B,e00646,B,20240423,NW21_26-10,2021,9,7,26,Northern Bering Sea,09072021 20:24:38.304,62.4999,-169.9952,sample,10,NBS,MP,2022_02_23,plate,1_2022,D05
e00647_B,e00647,B,20240423,NW21_26-10,2021,9,7,26,Northern Bering Sea,09072021 20:24:38.304,62.4999,-169.9952,sample,10,NBS,MP,2022_02_23,plate,1_2022,E05
e00648_B,e00648,B,20240423,NW21_26b,2021,9,7,26,Northern Bering Sea,09072021 20:24:38.304,62.4999,-169.9952,field_blank,NA,NBS,MP,2022_02_23,plate,1_2022,F05
e00649_B,e00649,B,20240423,NW21_29-10,2021,9,8,29,Northern Bering Sea,09082021 20:16:41.371,62.4995,-166.9961,sample,10,NBS,MP,2022_02_23,plate,1_2022,G05
e00650_B,e00650,B,20240423,NW21_29-10,2021,9,8,29,Northern Bering Sea,09082021 20:16:41.371,62.4995,-166.9961,sample,10,NBS,MP,2022_02_23,plate,1_2022,H05
e00651_B,e00651,B,20240423,NW21_29-10,2021,9,8,29,Northern Bering Sea,09082021 20:16:41.371,62.4995,-166.9961,sample,10,NBS,MP,2022_02_23,plate,1_2022,A06
e00652_B,e00652,B,20240423,NW21_29b,2021,9,8,29,Northern Bering Sea,09082021 20:16:41.371,62.4995,-166.9961,field_blank,NA,NBS,MP,2022_02_23,plate,1_2022,B06
e00653_B,e00653,B,20240423,NW21_23-10,2021,9,9,23,Northern Bering Sea,09062021 20:40:32.158,62.0002,-169.9995,sample,10,NBS,MP,2022_02_23,plate,1_2022,C06
e00654_B,e00654,B,20240423,NW21_23-10,2021,9,9,23,Northern Bering Sea,09062021 20:40:32.158,62.0002,-169.9995,sample,10,NBS,MP,2022_02_23,plate,1_2022,D06
e00655_B,e00655,B,20240423,NW21_23-10,2021,9,9,23,Northern Bering Sea,09062021 20:40:32.158,62.0002,-169.9995,sample,10,NBS,MP,2022_02_23,plate,1_2022,E06
e00656_B,e00656,B,20240423,NW21_23b,2021,9,9,23,Northern Bering Sea,09062021 20:40:32.158,62.0002,-169.9995,field_blank,NA,NBS,MP,2022_02_23,plate,1_2022,F06
e00657_B,e00657,B,20240423,NW21_35-10,2021,9,10,35,Northern Bering Sea,09102021 21:19:52.199,64.0006,-169.0008,sample,10,NBS,MP,2022_02_23,plate,1_2022,G06
e00658_B,e00658,B,20240423,NA,NA,NA,NA,NA,NA,NA,NA,NA,extraction_blank,NA,NBS,MP,2022_02_23,plate,1_2022,H06
e00659_B,e00659,B,20240423,NW21_35-10,2021,9,10,35,Northern Bering Sea,09102021 21:19:52.199,64.0006,-169.0008,sample,10,NBS,MP,2022_02_23,plate,1_2022,A07
e00660_B,e00660,B,20240423,NW21_35-10,2021,9,10,35,Northern Bering Sea,09102021 21:19:52.199,64.0006,-169.0008,sample,10,NBS,MP,2022_02_23,plate,1_2022,B07
e00661_B,e00661,B,20240423,NW21_35b,2021,9,10,35,Northern Bering Sea,09102021 21:19:52.199,64.0006,-169.0008,field_blank,NA,NBS,MP,2022_02_23,plate,1_2022,C07
e00662_B,e00662,B,20240423,NW21_38-10,2021,9,11,38,Northern Bering Sea,09112021 20:59:14.386,65.0022,-167.5036,sample,10,NBS,MP,2022_02_23,plate,1_2022,D07
e00663_B,e00663,B,20240423,NW21_38-10,2021,9,11,38,Northern Bering Sea,09112021 20:59:14.386,65.0022,-167.5036,sample,10,NBS,MP,2022_02_23,plate,1_2022,E07
e00664_B,e00664,B,20240423,NW21_38-10,2021,9,11,38,Northern Bering Sea,09112021 20:59:14.386,65.0022,-167.5036,sample,10,NBS,MP,2022_02_23,plate,1_2022,F07
e00665_B,e00665,B,20240423,NW21_38b,2021,9,11,38,Northern Bering Sea,09112021 20:59:14.386,65.0022,-167.5036,field_blank,NA,NBS,MP,2022_02_23,plate,1_2022,G07
e00666_B,e00666,B,20240423,NW21_40-10,2021,9,12,40,Northern Bering Sea,09122021 19:55:00.846,64.5,-168.001,sample,10,NBS,MP,2022_02_23,plate,1_2022,H07
e00667_B,e00667,B,20240423,NW21_40-10,2021,9,12,40,Northern Bering Sea,09122021 19:55:00.846,64.5,-168.001,sample,10,NBS,MP,2022_02_23,plate,1_2022,A08
e00668_B,e00668,B,20240423,NW21_40-10,2021,9,12,40,Northern Bering Sea,09122021 19:55:00.846,64.5,-168.001,sample,10,NBS,MP,2022_02_23,plate,1_2022,B08
e00669_B,e00669,B,20240423,NW21_40b,2021,9,12,40,Northern Bering Sea,09122021 19:55:00.846,64.5,-168.001,field_blank,NA,NBS,MP,2022_02_23,plate,1_2022,C08
e00670_B,e00670,B,20240423,NW21_43-10,2021,9,13,43,Northern Bering Sea,09132021 20:16:05.224,64.0003,-166.0012,sample,10,NBS,MP,2022_02_23,plate,1_2022,D08
e00671_B,e00671,B,20240423,NW21_43-10,2021,9,13,43,Northern Bering Sea,09132021 20:16:05.224,64.0003,-166.0012,sample,10,NBS,MP,2022_02_23,plate,1_2022,E08
e00672_B,e00672,B,20240423,NW21_43-10,2021,9,13,43,Northern Bering Sea,09132021 20:16:05.224,64.0003,-166.0012,sample,10,NBS,MP,2022_02_23,plate,1_2022,F08
e00673_B,e00673,B,20240423,NW21_43b,2021,9,13,43,Northern Bering Sea,09132021 20:16:05.224,64.0003,-166.0012,field_blank,NA,NBS,MP,2022_02_23,plate,1_2022,G08
e00674_B,e00674,B,20240423,NW21_46-10,2021,9,14,46,Northern Bering Sea,09142021 20:33:35.514,64.1004,-162.499,sample,10,NBS,MP,2022_02_23,plate,1_2022,H08
e00675_B,e00675,B,20240423,NW21_46-10,2021,9,14,46,Northern Bering Sea,09142021 20:33:35.514,64.1004,-162.499,sample,10,NBS,MP,2022_02_23,plate,1_2022,A09
e00676_B,e00676,B,20240423,NW21_46-10,2021,9,14,46,Northern Bering Sea,09142021 20:33:35.514,64.1004,-162.499,sample,10,NBS,MP,2022_02_23,plate,1_2022,B09
e00677_B,e00677,B,20240423,NW21_46b,2021,9,14,46,Northern Bering Sea,09142021 20:33:35.514,64.1004,-162.499,field_blank,NA,NBS,MP,2022_02_23,plate,1_2022,C09
e00678_B,e00678,B,20240423,NW21_14-10,2021,9,3,14,Northern Bering Sea,09032021 20:50:34.316,60.9997,-171.0066,sample,10,NBS,MP,2022_02_23,plate,1_2022,D09
e00679_B,e00679,B,20240423,NW21_14-10,2021,9,3,14,Northern Bering Sea,09032021 20:50:34.316,60.9997,-171.0066,sample,10,NBS,MP,2022_02_23,plate,1_2022,E09
e00680_B,e00680,B,20240423,NW21_14-10,2021,9,3,14,Northern Bering Sea,09032021 20:50:34.316,60.9997,-171.0066,sample,10,NBS,MP,2022_02_23,plate,1_2022,F09
e00681_B,e00681,B,20240423,NW21_14-50,2021,9,3,14,Northern Bering Sea,09032021 20:50:34.316,60.9997,-171.0066,sample,50,NBS,MP,2022_02_23,plate,1_2022,G09
e00682_B,e00682,B,20240423,NW21_14-50,2021,9,3,14,Northern Bering Sea,09032021 20:50:34.316,60.9997,-171.0066,sample,50,NBS,MP,2022_02_23,plate,1_2022,H09
e0683_B,e0683,B,20240423,NW21_14-50,2021,9,3,14,Northern Bering Sea,09032021 20:50:34.316,60.9997,-171.0066,sample,50,NBS,MP,2022_02_23,plate,1_2022,A10
PC1_B,PC1,B,20240423,NA,NA,NA,NA,NA,NA,NA,NA,NA,positive_control,NA,NA,NA,NA,NA,NA,NA
NC1_B,NC1,B,20240423,NA,NA,NA,NA,NA,NA,NA,NA,NA,PCR_control,NA,NA,NA,NA,NA,NA,NA
e00611_C,e00611,C,20240423,NW21_2-10,2021,8,30,2,Northern Bering Sea,08202017 20:15:42.489,60.0014,-169.0017,sample,10,NBS,MP,2022_02_23,plate,1_2022,A01
e00612_C,e00612,C,20240423,NW21_2-10,2021,8,30,2,Northern Bering Sea,08202017 20:15:42.489,60.0014,-169.0017,sample,10,NBS,MP,2022_02_23,plate,1_2022,B01
e00613_C,e00613,C,20240423,NW21_2-10,2021,8,30,2,Northern Bering Sea,08202017 20:15:42.489,60.0014,-169.0017,sample,10,NBS,MP,2022_02_23,plate,1_2022,C01
e00614_C,e00614,C,20240423,NW21_5-40,2021,8,31,5,Northern Bering Sea,08312021 20:39:34.703,60.5,-170.9946,sample,40,NBS,MP,2022_02_23,plate,1_2022,D01
e00615_C,e00615,C,20240423,NW21_5-40,2021,8,31,5,Northern Bering Sea,08312021 20:39:34.703,60.5,-170.9946,sample,40,NBS,MP,2022_02_23,plate,1_2022,E01
e00616_C,e00616,C,20240423,NW21_5-40,2021,8,31,5,Northern Bering Sea,08312021 20:39:34.703,60.5,-170.9946,sample,40,NBS,MP,2022_02_23,plate,1_2022,F01
e00617_C,e00617,C,20240423,NW21_5-10,2021,8,31,5,Northern Bering Sea,08312021 20:39:34.703,60.5,-170.9946,sample,10,NBS,MP,2022_02_23,plate,1_2022,G01
e00618_C,e00618,C,20240423,NW21_5-10,2021,8,31,5,Northern Bering Sea,08312021 20:39:34.703,60.5,-170.9946,sample,10,NBS,MP,2022_02_23,plate,1_2022,H01
e00619_C,e00619,C,20240423,NW21_5-10,2021,8,31,5,Northern Bering Sea,08312021 20:39:34.703,60.5,-170.9946,sample,10,NBS,MP,2022_02_23,plate,1_2022,A02
e00620_C,e00620,C,20240423,NW21_5b,2021,8,31,5,Northern Bering Sea,08312021 20:39:34.703,60.5,-170.9946,field_blank,NA,NBS,MP,2022_02_23,plate,1_2022,B02
e00621_C,e00621,C,20240423,NW21_8-10,2021,9,1,8,Northern Bering Sea,09012021 20:17:53.075,60.4995,-168.0016,sample,10,NBS,MP,2022_02_23,plate,1_2022,C02
e00622_C,e00622,C,20240423,NW21_8-10,2021,9,1,8,Northern Bering Sea,09012021 20:17:53.075,60.4995,-168.0016,sample,10,NBS,MP,2022_02_23,plate,1_2022,D02
e00623_C,e00623,C,20240423,NW21_8-10,2021,9,1,8,Northern Bering Sea,09012021 20:17:53.075,60.4995,-168.0016,sample,10,NBS,MP,2022_02_23,plate,1_2022,E02
e00624_C,e00624,C,20240423,NW21_8b,2021,9,1,8,Northern Bering Sea,09012021 20:17:53.075,60.4995,-168.0016,field_blank,NA,NBS,MP,2022_02_23,plate,1_2022,F02
e00625_C,e00625,C,20240423,NA,NA,NA,NA,NA,NA,NA,NA,NA,extraction_blank,NA,NBS,MP,2022_02_23,plate,1_2022,G02
e00626_C,e00626,C,20240423,NW21_11-10,2021,9,2,11,Northern Bering Sea,09022021 20:28:38.688,61.0025,-168.002,sample,10,NBS,MP,2022_02_23,plate,1_2022,H02
e00627_C,e00627,C,20240423,NW21_11-10,2021,9,2,11,Northern Bering Sea,09022021 20:28:38.688,61.0025,-168.002,sample,10,NBS,MP,2022_02_23,plate,1_2022,A03
e00628_C,e00628,C,20240423,NW21_11b,2021,9,2,11,Northern Bering Sea,09022021 20:28:38.688,61.0025,-168.002,field_blank,NA,NBS,MP,2022_02_23,plate,1_2022,B03
e00629_C,e00629,C,20240423,NW21_2b,2021,8,30,2,Northern Bering Sea,08202017 20:15:42.489,60.0014,-169.0017,field_blank,NA,NBS,MP,2022_02_23,plate,1_2022,C03
e00630_C,e00630,C,20240423,NW21_17-10,2021,9,4,17,Northern Bering Sea,09042021 20:26:56.815,61.5004,-168.9987,sample,10,NBS,MP,2022_02_23,plate,1_2022,D03
e00631_C,e00631,C,20240423,NW21_17-10,2021,9,4,17,Northern Bering Sea,09042021 20:26:56.815,61.5004,-168.9987,sample,10,NBS,MP,2022_02_23,plate,1_2022,E03
e00632_C,e00632,C,20240423,NW21_17-10,2021,9,4,17,Northern Bering Sea,09042021 20:26:56.815,61.5004,-168.9987,sample,10,NBS,MP,2022_02_23,plate,1_2022,F03
e00633_C,e00633,C,20240423,NW21_17b,2021,9,4,17,Northern Bering Sea,09042021 20:26:56.815,61.5004,-168.9987,field_blank,NA,NBS,MP,2022_02_23,plate,1_2022,G03
e00634_C,e00634,C,20240423,NW21_20-10,2021,9,5,20,Northern Bering Sea,09052021 21:01:01.200,62.0006,-166.9998,sample,10,NBS,MP,2022_02_23,plate,1_2022,H03
e00635_C,e00635,C,20240423,NW21_20-10,2021,9,5,20,Northern Bering Sea,09052021 21:01:01.200,62.0006,-166.9998,sample,10,NBS,MP,2022_02_23,plate,1_2022,A04
e00636_C,e00636,C,20240423,NW21_20-10,2021,9,5,20,Northern Bering Sea,09052021 21:01:01.200,62.0006,-166.9998,sample,10,NBS,MP,2022_02_23,plate,1_2022,B04
e00637_C,e00637,C,20240423,NW21_20b,2021,9,5,20,Northern Bering Sea,09052021 21:01:01.200,62.0006,-166.9998,field_blank,NA,NBS,MP,2022_02_23,plate,1_2022,C04
e00638_C,e00638,C,20240423,NW21_23-40,2021,9,6,23,Northern Bering Sea,09062021 20:40:32.158,62.0002,-169.9995,sample,40,NBS,MP,2022_02_23,plate,1_2022,D04
e00639_C,e00639,C,20240423,NW21_23-40,2021,9,6,23,Northern Bering Sea,09062021 20:40:32.158,62.0002,-169.9995,sample,40,NBS,MP,2022_02_23,plate,1_2022,E04
e00640_C,e00640,C,20240423,NW21_23-40,2021,9,6,23,Northern Bering Sea,09062021 20:40:32.158,62.0002,-169.9995,sample,40,NBS,MP,2022_02_23,plate,1_2022,F04
e00641_C,e00641,C,20240423,NW21_23-10,2021,9,6,23,Northern Bering Sea,09062021 20:40:32.158,62.0002,-169.9995,sample,10,NBS,MP,2022_02_23,plate,1_2022,G04
e00642_C,e00642,C,20240423,NW21_23-10,2021,9,6,23,Northern Bering Sea,09062021 20:40:32.158,62.0002,-169.9995,sample,10,NBS,MP,2022_02_23,plate,1_2022,H04
e00643_C,e00643,C,20240423,NW21_23-10,2021,9,6,23,Northern Bering Sea,09062021 20:40:32.158,62.0002,-169.9995,sample,10,NBS,MP,2022_02_23,plate,1_2022,A05
e00644_C,e00644,C,20240423,NW21_23b,2021,9,6,23,Northern Bering Sea,09062021 20:40:32.158,62.0002,-169.9995,field_blank,NA,NBS,MP,2022_02_23,plate,1_2022,B05
e00645_C,e00645,C,20240423,NW21_26-10,2021,9,7,26,Northern Bering Sea,09072021 20:24:38.304,62.4999,-169.9952,sample,10,NBS,MP,2022_02_23,plate,1_2022,C05
e00646_C,e00646,C,20240423,NW21_26-10,2021,9,7,26,Northern Bering Sea,09072021 20:24:38.304,62.4999,-169.9952,sample,10,NBS,MP,2022_02_23,plate,1_2022,D05
e00647_C,e00647,C,20240423,NW21_26-10,2021,9,7,26,Northern Bering Sea,09072021 20:24:38.304,62.4999,-169.9952,sample,10,NBS,MP,2022_02_23,plate,1_2022,E05
e00648_C,e00648,C,20240423,NW21_26b,2021,9,7,26,Northern Bering Sea,09072021 20:24:38.304,62.4999,-169.9952,field_blank,NA,NBS,MP,2022_02_23,plate,1_2022,F05
e00649_C,e00649,C,20240423,NW21_29-10,2021,9,8,29,Northern Bering Sea,09082021 20:16:41.371,62.4995,-166.9961,sample,10,NBS,MP,2022_02_23,plate,1_2022,G05
e00650_C,e00650,C,20240423,NW21_29-10,2021,9,8,29,Northern Bering Sea,09082021 20:16:41.371,62.4995,-166.9961,sample,10,NBS,MP,2022_02_23,plate,1_2022,H05
e00651_C,e00651,C,20240423,NW21_29-10,2021,9,8,29,Northern Bering Sea,09082021 20:16:41.371,62.4995,-166.9961,sample,10,NBS,MP,2022_02_23,plate,1_2022,A06
e00652_C,e00652,C,20240423,NW21_29b,2021,9,8,29,Northern Bering Sea,09082021 20:16:41.371,62.4995,-166.9961,field_blank,NA,NBS,MP,2022_02_23,plate,1_2022,B06
e00653_C,e00653,C,20240423,NW21_23-10,2021,9,9,23,Northern Bering Sea,09062021 20:40:32.158,62.0002,-169.9995,sample,10,NBS,MP,2022_02_23,plate,1_2022,C06
e00654_C,e00654,C,20240423,NW21_23-10,2021,9,9,23,Northern Bering Sea,09062021 20:40:32.158,62.0002,-169.9995,sample,10,NBS,MP,2022_02_23,plate,1_2022,D06
e00655_C,e00655,C,20240423,NW21_23-10,2021,9,9,23,Northern Bering Sea,09062021 20:40:32.158,62.0002,-169.9995,sample,10,NBS,MP,2022_02_23,plate,1_2022,E06
e00656_C,e00656,C,20240423,NW21_23b,2021,9,9,23,Northern Bering Sea,09062021 20:40:32.158,62.0002,-169.9995,field_blank,NA,NBS,MP,2022_02_23,plate,1_2022,F06
e00657_C,e00657,C,20240423,NW21_35-10,2021,9,10,35,Northern Bering Sea,09102021 21:19:52.199,64.0006,-169.0008,sample,10,NBS,MP,2022_02_23,plate,1_2022,G06
e00658_C,e00658,C,20240423,NA,NA,NA,NA,NA,NA,NA,NA,NA,extraction_blank,NA,NBS,MP,2022_02_23,plate,1_2022,H06
e00659_C,e00659,C,20240423,NW21_35-10,2021,9,10,35,Northern Bering Sea,09102021 21:19:52.199,64.0006,-169.0008,sample,10,NBS,MP,2022_02_23,plate,1_2022,A07
e00660_C,e00660,C,20240423,NW21_35-10,2021,9,10,35,Northern Bering Sea,09102021 21:19:52.199,64.0006,-169.0008,sample,10,NBS,MP,2022_02_23,plate,1_2022,B07
e00661_C,e00661,C,20240423,NW21_35b,2021,9,10,35,Northern Bering Sea,09102021 21:19:52.199,64.0006,-169.0008,field_blank,NA,NBS,MP,2022_02_23,plate,1_2022,C07
e00662_C,e00662,C,20240423,NW21_38-10,2021,9,11,38,Northern Bering Sea,09112021 20:59:14.386,65.0022,-167.5036,sample,10,NBS,MP,2022_02_23,plate,1_2022,D07
e00663_C,e00663,C,20240423,NW21_38-10,2021,9,11,38,Northern Bering Sea,09112021 20:59:14.386,65.0022,-167.5036,sample,10,NBS,MP,2022_02_23,plate,1_2022,E07
e00664_C,e00664,C,20240423,NW21_38-10,2021,9,11,38,Northern Bering Sea,09112021 20:59:14.386,65.0022,-167.5036,sample,10,NBS,MP,2022_02_23,plate,1_2022,F07
e00665_C,e00665,C,20240423,NW21_38b,2021,9,11,38,Northern Bering Sea,09112021 20:59:14.386,65.0022,-167.5036,field_blank,NA,NBS,MP,2022_02_23,plate,1_2022,G07
e00666_C,e00666,C,20240423,NW21_40-10,2021,9,12,40,Northern Bering Sea,09122021 19:55:00.846,64.5,-168.001,sample,10,NBS,MP,2022_02_23,plate,1_2022,H07
e00667_C,e00667,C,20240423,NW21_40-10,2021,9,12,40,Northern Bering Sea,09122021 19:55:00.846,64.5,-168.001,sample,10,NBS,MP,2022_02_23,plate,1_2022,A08
e00668_C,e00668,C,20240423,NW21_40-10,2021,9,12,40,Northern Bering Sea,09122021 19:55:00.846,64.5,-168.001,sample,10,NBS,MP,2022_02_23,plate,1_2022,B08
e00669_C,e00669,C,20240423,NW21_40b,2021,9,12,40,Northern Bering Sea,09122021 19:55:00.846,64.5,-168.001,field_blank,NA,NBS,MP,2022_02_23,plate,1_2022,C08
e00670_C,e00670,C,20240423,NW21_43-10,2021,9,13,43,Northern Bering Sea,09132021 20:16:05.224,64.0003,-166.0012,sample,10,NBS,MP,2022_02_23,plate,1_2022,D08
e00671_C,e00671,C,20240423,NW21_43-10,2021,9,13,43,Northern Bering Sea,09132021 20:16:05.224,64.0003,-166.0012,sample,10,NBS,MP,2022_02_23,plate,1_2022,E08
e00672_C,e00672,C,20240423,NW21_43-10,2021,9,13,43,Northern Bering Sea,09132021 20:16:05.224,64.0003,-166.0012,sample,10,NBS,MP,2022_02_23,plate,1_2022,F08
e00673_C,e00673,C,20240423,NW21_43b,2021,9,13,43,Northern Bering Sea,09132021 20:16:05.224,64.0003,-166.0012,field_blank,NA,NBS,MP,2022_02_23,plate,1_2022,G08
e00674_C,e00674,C,20240423,NW21_46-10,2021,9,14,46,Northern Bering Sea,09142021 20:33:35.514,64.1004,-162.499,sample,10,NBS,MP,2022_02_23,plate,1_2022,H08
e00675_C,e00675,C,20240423,NW21_46-10,2021,9,14,46,Northern Bering Sea,09142021 20:33:35.514,64.1004,-162.499,sample,10,NBS,MP,2022_02_23,plate,1_2022,A09
e00676_C,e00676,C,20240423,NW21_46-10,2021,9,14,46,Northern Bering Sea,09142021 20:33:35.514,64.1004,-162.499,sample,10,NBS,MP,2022_02_23,plate,1_2022,B09
e00677_C,e00677,C,20240423,NW21_46b,2021,9,14,46,Northern Bering Sea,09142021 20:33:35.514,64.1004,-162.499,field_blank,NA,NBS,MP,2022_02_23,plate,1_2022,C09
e00678_C,e00678,C,20240423,NW21_14-10,2021,9,3,14,Northern Bering Sea,09032021 20:50:34.316,60.9997,-171.0066,sample,10,NBS,MP,2022_02_23,plate,1_2022,D09
e00679_C,e00679,C,20240423,NW21_14-10,2021,9,3,14,Northern Bering Sea,09032021 20:50:34.316,60.9997,-171.0066,sample,10,NBS,MP,2022_02_23,plate,1_2022,E09
e00680_C,e00680,C,20240423,NW21_14-10,2021,9,3,14,Northern Bering Sea,09032021 20:50:34.316,60.9997,-171.0066,sample,10,NBS,MP,2022_02_23,plate,1_2022,F09
e00681_C,e00681,C,20240423,NW21_14-50,2021,9,3,14,Northern Bering Sea,09032021 20:50:34.316,60.9997,-171.0066,sample,50,NBS,MP,2022_02_23,plate,1_2022,G09
e00682_C,e00682,C,20240423,NW21_14-50,2021,9,3,14,Northern Bering Sea,09032021 20:50:34.316,60.9997,-171.0066,sample,50,NBS,MP,2022_02_23,plate,1_2022,H09
e0683_C,e0683,C,20240423,NW21_14-50,2021,9,3,14,Northern Bering Sea,09032021 20:50:34.316,60.9997,-171.0066,sample,50,NBS,MP,2022_02_23,plate,1_2022,A10
PC1_C,PC1,C,20240423,NA,NA,NA,NA,NA,NA,NA,NA,NA,positive_control,NA,NA,NA,NA,NA,NA,NA
NC1_C,NC1,C,20240423,NA,NA,NA,NA,NA,NA,NA,NA,NA,PCR_control,NA,NA,NA,NA,NA,NA,NA
e01821_A,e01821,A,20240423,NW22-01_ST31_0m_1,2022,,,31,Northern Bering Sea,09132022 00:24:33.645,63.9993,-168.9962,sample,0,NBS,MP,2023_01_05,plate,16_2023,A01
e01822_A,e01822,A,20240423,NW22-01_ST31_0m_2,2022,,,31,Northern Bering Sea,09132022 00:24:33.645,63.9993,-168.9962,sample,0,NBS,MP,2023_01_05,plate,16_2023,B01
e01823_A,e01823,A,20240423,NW22-01_ST31_0m_3,2022,,,31,Northern Bering Sea,09132022 00:24:33.645,63.9993,-168.9962,sample,0,NBS,MP,2023_01_05,plate,16_2023,C01
e01824_A,e01824,A,20240423,NW22-02_ST31_blank_4,2022,,,31,Northern Bering Sea,09132022 00:24:33.645,63.9993,-168.9962,field_blank,NA,NBS,MP,2023_01_05,plate,16_2023,D01
e01825_A,e01825,A,20240423,NW22-02_ST34_0m_1,2022,,,34,Northern Bering Sea,09142022 15:59:27.346,64.5003,-167.0023,sample,0,NBS,MP,2023_01_05,plate,16_2023,E01
e01826_A,e01826,A,20240423,NW22-02_ST34_0m_2,2022,,,34,Northern Bering Sea,09142022 15:59:27.346,64.5003,-167.0023,sample,0,NBS,MP,2023_01_05,plate,16_2023,F01
e01827_A,e01827,A,20240423,NW22-02_ST34_0m_3,2022,,,34,Northern Bering Sea,09142022 15:59:27.346,64.5003,-167.0023,sample,0,NBS,MP,2023_01_05,plate,16_2023,G01
e01828_A,e01828,A,20240423,NW22-02_ST34_blank_4,2022,,,34,Northern Bering Sea,09142022 15:59:27.346,64.5003,-167.0023,field_blank,NA,NBS,MP,2023_01_05,plate,16_2023,H01
e01829_A,e01829,A,20240423,NW22-02_ST37_0m_1,2022,,,37,Northern Bering Sea,09152022 00:43:40.018,63.9979,-165.9996,sample,0,NBS,MP,2023_01_05,plate,16_2023,A02
e01830_A,e01830,A,20240423,NW22-02_ST37_0m_2,2022,,,37,Northern Bering Sea,09152022 00:43:40.018,63.9979,-165.9996,sample,0,NBS,MP,2023_01_05,plate,16_2023,B02
e01831_A,e01831,A,20240423,NW22-02_ST37_0m_3,2022,,,37,Northern Bering Sea,09152022 00:43:40.018,63.9979,-165.9996,sample,0,NBS,MP,2023_01_05,plate,16_2023,C02
e01832_A,e01832,A,20240423,NW22-02_ST37_blank_4,2022,,,37,Northern Bering Sea,09152022 00:43:40.018,63.9979,-165.9996,field_blank,NA,NBS,MP,2023_01_05,plate,16_2023,D02
e01833_A,e01833,A,20240423,NW22-02_ST40_0m_2,2022,,,40,Northern Bering Sea,09162022 00:14:10.702,64.1013,-164.5009,sample,0,NBS,MP,2023_01_05,plate,16_2023,E02
e01834_A,e01834,A,20240423,NW22-02_ST40_0m_3,2022,,,40,Northern Bering Sea,09162022 00:14:10.702,64.1013,-164.5009,sample,0,NBS,MP,2023_01_05,plate,16_2023,F02
e01835_A,e01835,A,20240423,NW22-02_ST40_blank_4,2022,,,40,Northern Bering Sea,09162022 00:14:10.702,64.1013,-164.5009,field_blank,NA,NBS,MP,2023_01_05,plate,16_2023,G02
e01836_A,e01836,A,20240423,NW22-02_ST4_0m_1,2022,,,4,Northern Bering Sea,09032022 00:50:20.663,60.4974,-169.9963,sample,0,NBS,MP,2023_01_05,plate,16_2023,H02
e01837_A,e01837,A,20240423,NA,NA,NA,NA,NA,NA,NA,NA,NA,extraction_blank,NA,NBS,MP,2023_01_05,plate,16_2023,A03
e01838_A,e01838,A,20240423,NW22-02_ST4_0m_2,2022,,,4,Northern Bering Sea,09032022 00:50:20.663,60.4974,-169.9963,sample,0,NBS,MP,2023_01_05,plate,16_2023,B03
e01839_A,e01839,A,20240423,NW22-02_ST4_0m_3,2022,,,4,Northern Bering Sea,09032022 00:50:20.663,60.4974,-169.9963,sample,0,NBS,MP,2023_01_05,plate,16_2023,C03
e01840_A,e01840,A,20240423,NW22_02_ST5_0m_1,2022,,,5,Northern Bering Sea,09032022 18:56:36.919,60.5061,-169.0089,sample,0,NBS,MP,2023_01_05,plate,16_2023,D03
e01841_A,e01841,A,20240423,NW22_02_ST5_0m_2,2022,,,5,Northern Bering Sea,09032022 18:56:36.919,60.5061,-169.0089,sample,0,NBS,MP,2023_01_05,plate,16_2023,E03
e01842_A,e01842,A,20240423,NW22_02_ST5_0m_3,2022,,,5,Northern Bering Sea,09032022 18:56:36.919,60.5061,-169.0089,sample,0,NBS,MP,2023_01_05,plate,16_2023,F03
e01843_A,e01843,A,20240423,NW22_02_ST7_0m_1,2022,,,7,Northern Bering Sea,09042022 02:34:14.466,60.5004,-166.9975,sample,0,NBS,MP,2023_01_05,plate,16_2023,G03
e01844_A,e01844,A,20240423,NA,NA,NA,NA,NA,NA,NA,NA,NA,extraction_blank,NA,NBS,MP,2023_01_05,plate,16_2023,H03
e01845_A,e01845,A,20240423,NW22_02_ST7_0m_2,2022,,,7,Northern Bering Sea,09042022 02:34:14.466,60.5004,-166.9975,sample,0,NBS,MP,2023_01_05,plate,16_2023,A04
e01846_A,e01846,A,20240423,NW22_02_ST7_0m_3,2022,,,7,Northern Bering Sea,09042022 02:34:14.466,60.5004,-166.9975,sample,0,NBS,MP,2023_01_05,plate,16_2023,B04
e01847_A,e01847,A,20240423,NW22_02_ST7_blank_4,2022,,,7,Northern Bering Sea,09042022 02:34:14.466,60.5004,-166.9975,field_blank,NA,NBS,MP,2023_01_05,plate,16_2023,C04
e01848_A,e01848,A,20240423,NW22_02_ST10_0m_2,2022,,,10,Northern Bering Sea,09052022 01:05:19.178,61.0004,-168.9995,sample,0,NBS,MP,2023_01_05,plate,16_2023,D04
e01849_A,e01849,A,20240423,NW22_02_ST10_0m_3,2022,,,10,Northern Bering Sea,09052022 01:05:19.178,61.0004,-168.9995,sample,0,NBS,MP,2023_01_05,plate,16_2023,E04
e01850_A,e01850,A,20240423,NW22_02_ST10_blank_4,2022,,,10,Northern Bering Sea,09052022 01:05:19.178,61.0004,-168.9995,field_blank,NA,NBS,MP,2023_01_05,plate,16_2023,F04
e01851_A,e01851,A,20240423,NW22_02_ST13_0m_1,2022,,,13,Northern Bering Sea,09062022 00:55:29.781,61.4996,-168.9994,sample,0,NBS,MP,2023_01_05,plate,16_2023,G04
e01852_A,e01852,A,20240423,NW22_02_ST13_0m_2,2022,,,13,Northern Bering Sea,09062022 00:55:29.781,61.4996,-168.9994,sample,0,NBS,MP,2023_01_05,plate,16_2023,H04
e01853_A,e01853,A,20240423,NW22_02_ST13_0m_3,2022,,,13,Northern Bering Sea,09062022 00:55:29.781,61.4996,-168.9994,sample,0,NBS,MP,2023_01_05,plate,16_2023,A05
e01854_A,e01854,A,20240423,NW22_02_ST13_blank_4,2022,,,13,Northern Bering Sea,09062022 00:55:29.781,61.4996,-168.9994,field_blank,NA,NBS,MP,2023_01_05,plate,16_2023,B05
e01855_A,e01855,A,20240423,NW22_02_ST16_0m_1,2022,,,16,Northern Bering Sea,09072022 00:54:22.208,61.9989,-166.9979,sample,0,NBS,MP,2023_01_05,plate,16_2023,C05
e01856_A,e01856,A,20240423,NW22_02_ST16_0m_2,2022,,,16,Northern Bering Sea,09072022 00:54:22.208,61.9989,-166.9979,sample,0,NBS,MP,2023_01_05,plate,16_2023,D05
e01857_A,e01857,A,20240423,NW22_02_ST16_0m_3,2022,,,16,Northern Bering Sea,09072022 00:54:22.208,61.9989,-166.9979,sample,0,NBS,MP,2023_01_05,plate,16_2023,E05
e01858_A,e01858,A,20240423,NW22_02_ST16_blank_4,2022,,,16,Northern Bering Sea,09072022 00:54:22.208,61.9989,-166.9979,field_blank,NA,NBS,MP,2023_01_05,plate,16_2023,F05
e01859_A,e01859,A,20240423,NW22_02_ST40_0m_1,2022,,,40,Northern Bering Sea,09162022 00:14:10.702,64.1013,-164.5009,sample,0,NBS,MP,2023_01_05,plate,16_2023,G05
e01860_A,e01860,A,20240423,NW22_02_ST25_0m_2,2022,,,25,Northern Bering Sea,09112022 00:48:04.748,62.5009,-168.0017,sample,0,NBS,MP,2023_01_05,plate,16_2023,H05
e01861_A,e01861,A,20240423,NA,NA,NA,NA,NA,NA,NA,NA,NA,extraction_blank,NA,NBS,MP,2023_01_05,plate,16_2023,A06
e01862_A,e01862,A,20240423,NW22_02_ST28_0m_1,2022,,,28,Northern Bering Sea,09122022 01:13:58.636,63.5016,-166.9897,sample,0,NBS,MP,2023_01_05,plate,16_2023,B06
e01863_A,e01863,A,20240423,NW22_02_ST28_0m_2,2022,,,28,Northern Bering Sea,09122022 01:13:58.636,63.5016,-166.9897,sample,0,NBS,MP,2023_01_05,plate,16_2023,C06
e01864_A,e01864,A,20240423,NW22_02_ST28_0m_3,2022,,,28,Northern Bering Sea,09122022 01:13:58.636,63.5016,-166.9897,sample,0,NBS,MP,2023_01_05,plate,16_2023,D06
e01865_A,e01865,A,20240423,NW22_02_ST28_blank_4,2022,,,28,Northern Bering Sea,09122022 01:13:58.636,63.5016,-166.9897,field_blank,NA,NBS,MP,2023_01_05,plate,16_2023,E06
e01866_A,e01866,A,20240423,NW22_02_ST21_0m_1,2022,,,21,Northern Bering Sea,09082022 20:11:01.723,62.4997,-170.0002,sample,0,NBS,MP,2023_01_05,plate,16_2023,F06
e01867_A,e01867,A,20240423,NW22_02_ST21_0m_2,2022,,,21,Northern Bering Sea,09082022 20:11:01.723,62.4997,-170.0002,sample,0,NBS,MP,2023_01_05,plate,16_2023,G06
e01868_A,e01868,A,20240423,NA,NA,NA,NA,NA,NA,NA,NA,NA,extraction_blank,NA,NBS,MP,2023_01_05,plate,16_2023,H06
e01869_A,e01869,A,20240423,NW22_02_ST21_0m_3,2022,,,21,Northern Bering Sea,09082022 20:11:01.723,62.4997,-170.0002,sample,0,NBS,MP,2023_01_05,plate,16_2023,A07
e01870_A,e01870,A,20240423,NW22_02_ST21_blank_4,2022,,,21,Northern Bering Sea,09082022 20:11:01.723,62.4997,-170.0002,field_blank,NA,NBS,MP,2023_01_05,plate,16_2023,B07
e01871_A,e01871,A,20240423,NW22_02_ST25_0m_1,2022,,,25,Northern Bering Sea,09112022 00:48:04.748,62.5009,-168.0017,sample,0,NBS,MP,2023_01_05,plate,16_2023,C07
e01872_A,e01872,A,20240423,NW22_02_ST25_0m_3,2022,,,25,Northern Bering Sea,09112022 00:48:04.748,62.5009,-168.0017,sample,0,NBS,MP,2023_01_05,plate,16_2023,D07
e01873_A,e01873,A,20240423,NW22_02_ST25_blank_4,2022,,,25,Northern Bering Sea,09112022 00:48:04.748,62.5009,-168.0017,field_blank,NA,NBS,MP,2023_01_05,plate,16_2023,E07
e01874_A,e01874,A,20240423,NW22_02_ST18_0m_1,2022,,,18,Northern Bering Sea,09072022 20:11:36.072,62.0011,-169.003,sample,0,NBS,MP,2023_01_05,plate,16_2023,F07
e01875_A,e01875,A,20240423,NW22_02_ST18_0m_2,2022,,,18,Northern Bering Sea,09072022 20:11:36.072,62.0011,-169.003,sample,0,NBS,MP,2023_01_05,plate,16_2023,G07
e01876_A,e01876,A,20240423,NW22_02_ST18_0m_3,2022,,,18,Northern Bering Sea,09072022 20:11:36.072,62.0011,-169.003,sample,0,NBS,MP,2023_01_05,plate,16_2023,H07
e01877_A,e01877,A,20240423,NW22_02_ST18_blank_4,2022,,,18,Northern Bering Sea,09072022 20:11:36.072,62.0011,-169.003,field_blank,NA,NBS,MP,2023_01_05,plate,16_2023,A08
e01878_A,e01878,A,20240423,NW22_02_ST10_0m_1,2022,,,10,Northern Bering Sea,09052022 01:05:19.178,61.0004,-168.9995,sample,0,NBS,MP,2023_01_05,plate,16_2023,B08
e01879_A,e01879,A,20240423,NA,NA,NA,NA,NA,NA,NA,NA,NA,extraction_blank,NA,NBS,MP,2023_01_05,plate,16_2023,C08
e01880_A,e01880,A,20240423,NA,NA,NA,NA,NA,NA,NA,NA,NA,extraction_blank,NA,NBS,MP,2023_01_05,plate,16_2023,D08
e01881_A,e01881,A,20240423,NA,NA,NA,NA,NA,NA,NA,NA,NA,extraction_blank,NA,NBS,MP,2023_01_05,plate,16_2023,E08
e01882_A,e01882,A,20240423,NA,NA,NA,NA,NA,NA,NA,NA,NA,extraction_blank,NA,NBS,MP,2023_01_05,plate,16_2023,F08
PC16_A,PC16,A,20240423,NA,NA,NA,NA,NA,NA,NA,NA,NA,positive_control,NA,NBS,MP,2023_01_05,plate,16_2023,G08
NC16_A,NC16,A,20240423,NA,NA,NA,NA,NA,NA,NA,NA,NA,PCR_blank,NA,NBS,MP,2023_01_05,plate,16_2023,H08
e01885_A,e01885,A,20240423,DY22_08_ST16_0m_1,2022,,,16,Southern Bering Sea,NA,57.4752,-164.0299,sample,0,SBS,MP,2023_01_05,plate,16_2023,A09
e01886_A,e01886,A,20240423,DY22_08_ST16_0m_2,2022,,,16,Southern Bering Sea,NA,57.4752,-164.0299,sample,0,SBS,MP,2023_01_05,plate,16_2023,B09
e01887_A,e01887,A,20240423,DY22_08_ST16_0m_3,2022,,,16,Southern Bering Sea,NA,57.4752,-164.0299,sample,0,SBS,MP,2023_01_05,plate,16_2023,C09
e01888_A,e01888,A,20240423,DY22_08_ST16_blank_4,2022,,,16,Southern Bering Sea,NA,57.4752,-164.0299,field_blank,NA,SBS,MP,2023_01_05,plate,16_2023,D09
e01889_A,e01889,A,20240423,DY22_08_ST18_CTD17_10m_1,2022,,,18,Southern Bering Sea,NA,58.0267,-165.0493,sample,10,SBS,MP,2023_01_05,plate,16_2023,E09
e01890_A,e01890,A,20240423,DY22_08_ST18_CTD17_10m_2,2022,,,18,Southern Bering Sea,NA,58.0267,-165.0493,sample,10,SBS,MP,2023_01_05,plate,16_2023,F09
e01891_A,e01891,A,20240423,DY22_08_ST18_CTD17_10m_3,2022,,,18,Southern Bering Sea,NA,58.0267,-165.0493,sample,10,SBS,MP,2023_01_05,plate,16_2023,G09
e01892_A,e01892,A,20240423,DY22_08_ST18_CTD17_blank_4,2022,,,18,Southern Bering Sea,NA,58.0267,-165.0493,field_blank,NA,SBS,MP,2023_01_05,plate,16_2023,H09
e01893_A,e01893,A,20240423,DY22_08_ST19_bottom_1,2022,,,19,Southern Bering Sea,NA,57.5235,-166.0324,sample,bottom,SBS,MP,2023_01_05,plate,16_2023,A10
e01894_A,e01894,A,20240423,DY22_08_ST19_bottom_2,2022,,,19,Southern Bering Sea,NA,57.5235,-166.0324,sample,bottom,SBS,MP,2023_01_05,plate,16_2023,B10
e01895_A,e01895,A,20240423,DY22_08_ST19_CTD_18_10m_1,2022,,,19,Southern Bering Sea,NA,57.5235,-166.0324,sample,10,SBS,MP,2023_01_05,plate,16_2023,C10
e01896_A,e01896,A,20240423,DY22_08_ST19_CTD_18_10m_2,2022,,,19,Southern Bering Sea,NA,57.5235,-166.0324,sample,10,SBS,MP,2023_01_05,plate,16_2023,D10
e01897_A,e01897,A,20240423,DY22_08_ST24_10m_1,2022,,,24,Southern Bering Sea,NA,57.4904,-168.0325,sample,10,SBS,MP,2023_01_05,plate,16_2023,E10
e01898_A,e01898,A,20240423,DY22_08_ST24_10m_2,2022,,,24,Southern Bering Sea,NA,57.4904,-168.0325,sample,10,SBS,MP,2023_01_05,plate,16_2023,F10
e01899_A,e01899,A,20240423,DY22_08_ST24_10m_3,2022,,,24,Southern Bering Sea,NA,57.4904,-168.0325,sample,10,SBS,MP,2023_01_05,plate,16_2023,G10
e01900_A,e01900,A,20240423,DY22_08_ST24_bottom_1,2022,,,24,Southern Bering Sea,NA,57.4904,-168.0325,sample,bottom,SBS,MP,2023_01_05,plate,16_2023,H10
e01901_A,e01901,A,20240423,DY22_08_ST24_bottom_2,2022,,,24,Southern Bering Sea,NA,57.4904,-168.0325,sample,bottom,SBS,MP,2023_01_05,plate,16_2023,A11
e01902_A,e01902,A,20240423,DY22_08_ST20_10m_1,2022,,,20,Southern Bering Sea,NA,57.0301,-167.0372,sample,10,SBS,MP,2023_01_05,plate,16_2023,B11
e01903_A,e01903,A,20240423,DY22_08_ST20_10m_2,2022,,,20,Southern Bering Sea,NA,57.0301,-167.0372,sample,10,SBS,MP,2023_01_05,plate,16_2023,C11
e01904_A,e01904,A,20240423,DY22_08_ST20_10m_3,2022,,,20,Southern Bering Sea,NA,57.0301,-167.0372,sample,10,SBS,MP,2023_01_05,plate,16_2023,D11
e01905_A,e01905,A,20240423,DY22_08_ST20_bottom_1,2022,,,20,Southern Bering Sea,NA,57.0301,-167.0372,sample,bottom,SBS,MP,2023_01_05,plate,16_2023,E11
e01906_A,e01906,A,20240423,DY22_08_ST20_bottom_2,2022,,,20,Southern Bering Sea,NA,57.0301,-167.0372,sample,bottom,SBS,MP,2023_01_05,plate,16_2023,F11
e01907_A,e01907,A,20240423,DY22_08_ST23_10m_1,2022,,,23,Southern Bering Sea,NA,57.0151,-169.0964,sample,10,SBS,MP,2023_01_05,plate,16_2023,G11
e01908_A,e01908,A,20240423,DY22_08_ST23_10m_2,2022,,,23,Southern Bering Sea,NA,57.0151,-169.0964,sample,10,SBS,MP,2023_01_05,plate,16_2023,H11
e01909_A,e01909,A,20240423,DY22_08_ST23_blank_4,2022,,,23,Southern Bering Sea,NA,57.0151,-169.0964,field_blank,NA,SBS,MP,2023_01_05,plate,16_2023,A12
e01910_A,e01910,A,20240423,DY22_08_ST23_bottom_1,2022,,,23,Southern Bering Sea,NA,57.0151,-169.0964,sample,bottom,SBS,MP,2023_01_05,plate,16_2023,B12
e01911_A,e01911,A,20240423,DY22_08_ST23_bottom_2,2022,,,23,Southern Bering Sea,NA,57.0151,-169.0964,sample,bottom,SBS,MP,2023_01_05,plate,16_2023,C12
e01912_A,e01912,A,20240423,DY22_08_ST23_bottom_3,2022,,,23,Southern Bering Sea,NA,57.0151,-169.0964,sample,bottom,SBS,MP,2023_01_05,plate,16_2023,D12
e01913_A,e01913,A,20240423,DY22_08_ST37_10m_1,2022,,,37,Southern Bering Sea,NA,58.9894,-169.0138,sample,10,SBS,MP,2023_01_05,plate,16_2023,E12
e01914_A,e01914,A,20240423,DY22_08_ST37_10m_2,2022,,,37,Southern Bering Sea,NA,58.9894,-169.0138,sample,10,SBS,MP,2023_01_05,plate,16_2023,F12
e01915_A,e01915,A,20240423,DY22_08_ST37_10m_3,2022,,,37,Southern Bering Sea,NA,58.9894,-169.0138,sample,10,SBS,MP,2023_01_05,plate,16_2023,G12
e01916_A,e01916,A,20240423,DY22_08_ST18_CTD17_10m_1,2022,,,18,Southern Bering Sea,NA,58.0267,-165.0493,sample,10,SBS,MP,2023_01_05,plate,16_2023,H12
e01821_B,e01821,B,20240423,NW22-01_ST31_0m_1,2022,,,31,Northern Bering Sea,09132022 00:24:33.645,63.9993,-168.9962,sample,0,NBS,MP,2023_01_05,plate,16_2023,A01
e01822_B,e01822,B,20240423,NW22-01_ST31_0m_2,2022,,,31,Northern Bering Sea,09132022 00:24:33.645,63.9993,-168.9962,sample,0,NBS,MP,2023_01_05,plate,16_2023,B01
e01823_B,e01823,B,20240423,NW22-01_ST31_0m_3,2022,,,31,Northern Bering Sea,09132022 00:24:33.645,63.9993,-168.9962,sample,0,NBS,MP,2023_01_05,plate,16_2023,C01
e01824_B,e01824,B,20240423,NW22-02_ST31_blank_4,2022,,,31,Northern Bering Sea,09132022 00:24:33.645,63.9993,-168.9962,field_blank,NA,NBS,MP,2023_01_05,plate,16_2023,D01
e01825_B,e01825,B,20240423,NW22-02_ST34_0m_1,2022,,,34,Northern Bering Sea,09142022 15:59:27.346,64.5003,-167.0023,sample,0,NBS,MP,2023_01_05,plate,16_2023,E01
e01826_B,e01826,B,20240423,NW22-02_ST34_0m_2,2022,,,34,Northern Bering Sea,09142022 15:59:27.346,64.5003,-167.0023,sample,0,NBS,MP,2023_01_05,plate,16_2023,F01
e01827_B,e01827,B,20240423,NW22-02_ST34_0m_3,2022,,,34,Northern Bering Sea,09142022 15:59:27.346,64.5003,-167.0023,sample,0,NBS,MP,2023_01_05,plate,16_2023,G01
e01828_B,e01828,B,20240423,NW22-02_ST34_blank_4,2022,,,34,Northern Bering Sea,09142022 15:59:27.346,64.5003,-167.0023,field_blank,NA,NBS,MP,2023_01_05,plate,16_2023,H01
e01829_B,e01829,B,20240423,NW22-02_ST37_0m_1,2022,,,37,Northern Bering Sea,09152022 00:43:40.018,63.9979,-165.9996,sample,0,NBS,MP,2023_01_05,plate,16_2023,A02
e01830_B,e01830,B,20240423,NW22-02_ST37_0m_2,2022,,,37,Northern Bering Sea,09152022 00:43:40.018,63.9979,-165.9996,sample,0,NBS,MP,2023_01_05,plate,16_2023,B02
e01831_B,e01831,B,20240423,NW22-02_ST37_0m_3,2022,,,37,Northern Bering Sea,09152022 00:43:40.018,63.9979,-165.9996,sample,0,NBS,MP,2023_01_05,plate,16_2023,C02
e01832_B,e01832,B,20240423,NW22-02_ST37_blank_4,2022,,,37,Northern Bering Sea,09152022 00:43:40.018,63.9979,-165.9996,field_blank,NA,NBS,MP,2023_01_05,plate,16_2023,D02
e01833_B,e01833,B,20240423,NW22-02_ST40_0m_2,2022,,,40,Northern Bering Sea,09162022 00:14:10.702,64.1013,-164.5009,sample,0,NBS,MP,2023_01_05,plate,16_2023,E02
e01834_B,e01834,B,20240423,NW22-02_ST40_0m_3,2022,,,40,Northern Bering Sea,09162022 00:14:10.702,64.1013,-164.5009,sample,0,NBS,MP,2023_01_05,plate,16_2023,F02
e01835_B,e01835,B,20240423,NW22-02_ST40_blank_4,2022,,,40,Northern Bering Sea,09162022 00:14:10.702,64.1013,-164.5009,field_blank,NA,NBS,MP,2023_01_05,plate,16_2023,G02
e01836_B,e01836,B,20240423,NW22-02_ST4_0m_1,2022,,,4,Northern Bering Sea,09032022 00:50:20.663,60.4974,-169.9963,sample,0,NBS,MP,2023_01_05,plate,16_2023,H02
e01837_B,e01837,B,20240423,NA,NA,NA,NA,NA,NA,NA,NA,NA,extraction_blank,NA,NBS,MP,2023_01_05,plate,16_2023,A03
e01838_B,e01838,B,20240423,NW22-02_ST4_0m_2,2022,,,4,Northern Bering Sea,09032022 00:50:20.663,60.4974,-169.9963,sample,0,NBS,MP,2023_01_05,plate,16_2023,B03
e01839_B,e01839,B,20240423,NW22-02_ST4_0m_3,2022,,,4,Northern Bering Sea,09032022 00:50:20.663,60.4974,-169.9963,sample,0,NBS,MP,2023_01_05,plate,16_2023,C03
e01840_B,e01840,B,20240423,NW22_02_ST5_0m_1,2022,,,5,Northern Bering Sea,09032022 18:56:36.919,60.5061,-169.0089,sample,0,NBS,MP,2023_01_05,plate,16_2023,D03
e01841_B,e01841,B,20240423,NW22_02_ST5_0m_2,2022,,,5,Northern Bering Sea,09032022 18:56:36.919,60.5061,-169.0089,sample,0,NBS,MP,2023_01_05,plate,16_2023,E03
e01842_B,e01842,B,20240423,NW22_02_ST5_0m_3,2022,,,5,Northern Bering Sea,09032022 18:56:36.919,60.5061,-169.0089,sample,0,NBS,MP,2023_01_05,plate,16_2023,F03
e01843_B,e01843,B,20240423,NW22_02_ST7_0m_1,2022,,,7,Northern Bering Sea,09042022 02:34:14.466,60.5004,-166.9975,sample,0,NBS,MP,2023_01_05,plate,16_2023,G03
e01844_B,e01844,B,20240423,NA,NA,NA,NA,NA,NA,NA,NA,NA,extraction_blank,NA,NBS,MP,2023_01_05,plate,16_2023,H03
e01845_B,e01845,B,20240423,NW22_02_ST7_0m_2,2022,,,7,Northern Bering Sea,09042022 02:34:14.466,60.5004,-166.9975,sample,0,NBS,MP,2023_01_05,plate,16_2023,A04
e01846_B,e01846,B,20240423,NW22_02_ST7_0m_3,2022,,,7,Northern Bering Sea,09042022 02:34:14.466,60.5004,-166.9975,sample,0,NBS,MP,2023_01_05,plate,16_2023,B04
e01847_B,e01847,B,20240423,NW22_02_ST7_blank_4,2022,,,7,Northern Bering Sea,09042022 02:34:14.466,60.5004,-166.9975,field_blank,NA,NBS,MP,2023_01_05,plate,16_2023,C04
e01848_B,e01848,B,20240423,NW22_02_ST10_0m_2,2022,,,10,Northern Bering Sea,09052022 01:05:19.178,61.0004,-168.9995,sample,0,NBS,MP,2023_01_05,plate,16_2023,D04
e01849_B,e01849,B,20240423,NW22_02_ST10_0m_3,2022,,,10,Northern Bering Sea,09052022 01:05:19.178,61.0004,-168.9995,sample,0,NBS,MP,2023_01_05,plate,16_2023,E04
e01850_B,e01850,B,20240423,NW22_02_ST10_blank_4,2022,,,10,Northern Bering Sea,09052022 01:05:19.178,61.0004,-168.9995,field_blank,NA,NBS,MP,2023_01_05,plate,16_2023,F04
e01851_B,e01851,B,20240423,NW22_02_ST13_0m_1,2022,,,13,Northern Bering Sea,09062022 00:55:29.781,61.4996,-168.9994,sample,0,NBS,MP,2023_01_05,plate,16_2023,G04
e01852_B,e01852,B,20240423,NW22_02_ST13_0m_2,2022,,,13,Northern Bering Sea,09062022 00:55:29.781,61.4996,-168.9994,sample,0,NBS,MP,2023_01_05,plate,16_2023,H04
e01853_B,e01853,B,20240423,NW22_02_ST13_0m_3,2022,,,13,Northern Bering Sea,09062022 00:55:29.781,61.4996,-168.9994,sample,0,NBS,MP,2023_01_05,plate,16_2023,A05
e01854_B,e01854,B,20240423,NW22_02_ST13_blank_4,2022,,,13,Northern Bering Sea,09062022 00:55:29.781,61.4996,-168.9994,field_blank,NA,NBS,MP,2023_01_05,plate,16_2023,B05
e01855_B,e01855,B,20240423,NW22_02_ST16_0m_1,2022,,,16,Northern Bering Sea,09072022 00:54:22.208,61.9989,-166.9979,sample,0,NBS,MP,2023_01_05,plate,16_2023,C05
e01856_B,e01856,B,20240423,NW22_02_ST16_0m_2,2022,,,16,Northern Bering Sea,09072022 00:54:22.208,61.9989,-166.9979,sample,0,NBS,MP,2023_01_05,plate,16_2023,D05
e01857_B,e01857,B,20240423,NW22_02_ST16_0m_3,2022,,,16,Northern Bering Sea,09072022 00:54:22.208,61.9989,-166.9979,sample,0,NBS,MP,2023_01_05,plate,16_2023,E05
e01858_B,e01858,B,20240423,NW22_02_ST16_blank_4,2022,,,16,Northern Bering Sea,09072022 00:54:22.208,61.9989,-166.9979,field_blank,NA,NBS,MP,2023_01_05,plate,16_2023,F05
e01859_B,e01859,B,20240423,NW22_02_ST40_0m_1,2022,,,40,Northern Bering Sea,09162022 00:14:10.702,64.1013,-164.5009,sample,0,NBS,MP,2023_01_05,plate,16_2023,G05
e01860_B,e01860,B,20240423,NW22_02_ST25_0m_2,2022,,,25,Northern Bering Sea,09112022 00:48:04.748,62.5009,-168.0017,sample,0,NBS,MP,2023_01_05,plate,16_2023,H05
e01861_B,e01861,B,20240423,NA,NA,NA,NA,NA,NA,NA,NA,NA,extraction_blank,NA,NBS,MP,2023_01_05,plate,16_2023,A06
e01862_B,e01862,B,20240423,NW22_02_ST28_0m_1,2022,,,28,Northern Bering Sea,09122022 01:13:58.636,63.5016,-166.9897,sample,0,NBS,MP,2023_01_05,plate,16_2023,B06
e01863_B,e01863,B,20240423,NW22_02_ST28_0m_2,2022,,,28,Northern Bering Sea,09122022 01:13:58.636,63.5016,-166.9897,sample,0,NBS,MP,2023_01_05,plate,16_2023,C06
e01864_B,e01864,B,20240423,NW22_02_ST28_0m_3,2022,,,28,Northern Bering Sea,09122022 01:13:58.636,63.5016,-166.9897,sample,0,NBS,MP,2023_01_05,plate,16_2023,D06
e01865_B,e01865,B,20240423,NW22_02_ST28_blank_4,2022,,,28,Northern Bering Sea,09122022 01:13:58.636,63.5016,-166.9897,field_blank,NA,NBS,MP,2023_01_05,plate,16_2023,E06
e01866_B,e01866,B,20240423,NW22_02_ST21_0m_1,2022,,,21,Northern Bering Sea,09082022 20:11:01.723,62.4997,-170.0002,sample,0,NBS,MP,2023_01_05,plate,16_2023,F06
e01867_B,e01867,B,20240423,NW22_02_ST21_0m_2,2022,,,21,Northern Bering Sea,09082022 20:11:01.723,62.4997,-170.0002,sample,0,NBS,MP,2023_01_05,plate,16_2023,G06
e01868_B,e01868,B,20240423,NA,NA,NA,NA,NA,NA,NA,NA,NA,extraction_blank,NA,NBS,MP,2023_01_05,plate,16_2023,H06
e01869_B,e01869,B,20240423,NW22_02_ST21_0m_3,2022,,,21,Northern Bering Sea,09082022 20:11:01.723,62.4997,-170.0002,sample,0,NBS,MP,2023_01_05,plate,16_2023,A07
e01870_B,e01870,B,20240423,NW22_02_ST21_blank_4,2022,,,21,Northern Bering Sea,09082022 20:11:01.723,62.4997,-170.0002,field_blank,NA,NBS,MP,2023_01_05,plate,16_2023,B07
e01871_B,e01871,B,20240423,NW22_02_ST25_0m_1,2022,,,25,Northern Bering Sea,09112022 00:48:04.748,62.5009,-168.0017,sample,0,NBS,MP,2023_01_05,plate,16_2023,C07
e01872_B,e01872,B,20240423,NW22_02_ST25_0m_3,2022,,,25,Northern Bering Sea,09112022 00:48:04.748,62.5009,-168.0017,sample,0,NBS,MP,2023_01_05,plate,16_2023,D07
e01873_B,e01873,B,20240423,NW22_02_ST25_blank_4,2022,,,25,Northern Bering Sea,09112022 00:48:04.748,62.5009,-168.0017,field_blank,NA,NBS,MP,2023_01_05,plate,16_2023,E07
e01874_B,e01874,B,20240423,NW22_02_ST18_0m_1,2022,,,18,Northern Bering Sea,09072022 20:11:36.072,62.0011,-169.003,sample,0,NBS,MP,2023_01_05,plate,16_2023,F07
e01875_B,e01875,B,20240423,NW22_02_ST18_0m_2,2022,,,18,Northern Bering Sea,09072022 20:11:36.072,62.0011,-169.003,sample,0,NBS,MP,2023_01_05,plate,16_2023,G07
e01876_B,e01876,B,20240423,NW22_02_ST18_0m_3,2022,,,18,Northern Bering Sea,09072022 20:11:36.072,62.0011,-169.003,sample,0,NBS,MP,2023_01_05,plate,16_2023,H07
e01877_B,e01877,B,20240423,NW22_02_ST18_blank_4,2022,,,18,Northern Bering Sea,09072022 20:11:36.072,62.0011,-169.003,field_blank,NA,NBS,MP,2023_01_05,plate,16_2023,A08
e01878_B,e01878,B,20240423,NW22_02_ST10_0m_1,2022,,,10,Northern Bering Sea,09052022 01:05:19.178,61.0004,-168.9995,sample,0,NBS,MP,2023_01_05,plate,16_2023,B08
e01879_B,e01879,B,20240423,NA,NA,NA,NA,NA,NA,NA,NA,NA,extraction_blank,NA,NBS,MP,2023_01_05,plate,16_2023,C08
e01880_B,e01880,B,20240423,NA,NA,NA,NA,NA,NA,NA,NA,NA,extraction_blank,NA,NBS,MP,2023_01_05,plate,16_2023,D08
e01881_B,e01881,B,20240423,NA,NA,NA,NA,NA,NA,NA,NA,NA,extraction_blank,NA,NBS,MP,2023_01_05,plate,16_2023,E08
e01882_B,e01882,B,20240423,NA,NA,NA,NA,NA,NA,NA,NA,NA,extraction_blank,NA,NBS,MP,2023_01_05,plate,16_2023,F08
PC16_B,PC16,B,20240423,NA,NA,NA,NA,NA,NA,NA,NA,NA,positive_control,NA,NBS,MP,2023_01_05,plate,16_2023,G08
NC16_B,NC16,B,20240423,NA,NA,NA,NA,NA,NA,NA,NA,NA,PCR_blank,NA,NBS,MP,2023_01_05,plate,16_2023,H08
e01885_B,e01885,B,20240423,DY22_08_ST16_0m_1,2022,,,16,Southern Bering Sea,NA,57.4752,-164.0299,sample,0,SBS,MP,2023_01_05,plate,16_2023,A09
e01886_B,e01886,B,20240423,DY22_08_ST16_0m_2,2022,,,16,Southern Bering Sea,NA,57.4752,-164.0299,sample,0,SBS,MP,2023_01_05,plate,16_2023,B09
e01887_B,e01887,B,20240423,DY22_08_ST16_0m_3,2022,,,16,Southern Bering Sea,NA,57.4752,-164.0299,sample,0,SBS,MP,2023_01_05,plate,16_2023,C09
e01888_B,e01888,B,20240423,DY22_08_ST16_blank_4,2022,,,16,Southern Bering Sea,NA,57.4752,-164.0299,field_blank,NA,SBS,MP,2023_01_05,plate,16_2023,D09
e01889_B,e01889,B,20240423,DY22_08_ST18_CTD17_10m_1,2022,,,18,Southern Bering Sea,NA,58.0267,-165.0493,sample,10,SBS,MP,2023_01_05,plate,16_2023,E09
e01890_B,e01890,B,20240423,DY22_08_ST18_CTD17_10m_2,2022,,,18,Southern Bering Sea,NA,58.0267,-165.0493,sample,10,SBS,MP,2023_01_05,plate,16_2023,F09
e01891_B,e01891,B,20240423,DY22_08_ST18_CTD17_10m_3,2022,,,18,Southern Bering Sea,NA,58.0267,-165.0493,sample,10,SBS,MP,2023_01_05,plate,16_2023,G09
e01892_B,e01892,B,20240423,DY22_08_ST18_CTD17_blank_4,2022,,,18,Southern Bering Sea,NA,58.0267,-165.0493,field_blank,NA,SBS,MP,2023_01_05,plate,16_2023,H09
e01893_B,e01893,B,20240423,DY22_08_ST19_bottom_1,2022,,,19,Southern Bering Sea,NA,57.5235,-166.0324,sample,bottom,SBS,MP,2023_01_05,plate,16_2023,A10
e01894_B,e01894,B,20240423,DY22_08_ST19_bottom_2,2022,,,19,Southern Bering Sea,NA,57.5235,-166.0324,sample,bottom,SBS,MP,2023_01_05,plate,16_2023,B10
e01895_B,e01895,B,20240423,DY22_08_ST19_CTD_18_10m_1,2022,,,19,Southern Bering Sea,NA,57.5235,-166.0324,sample,10,SBS,MP,2023_01_05,plate,16_2023,C10
e01896_B,e01896,B,20240423,DY22_08_ST19_CTD_18_10m_2,2022,,,19,Southern Bering Sea,NA,57.5235,-166.0324,sample,10,SBS,MP,2023_01_05,plate,16_2023,D10
e01897_B,e01897,B,20240423,DY22_08_ST24_10m_1,2022,,,24,Southern Bering Sea,NA,57.4904,-168.0325,sample,10,SBS,MP,2023_01_05,plate,16_2023,E10
e01898_B,e01898,B,20240423,DY22_08_ST24_10m_2,2022,,,24,Southern Bering Sea,NA,57.4904,-168.0325,sample,10,SBS,MP,2023_01_05,plate,16_2023,F10
e01899_B,e01899,B,20240423,DY22_08_ST24_10m_3,2022,,,24,Southern Bering Sea,NA,57.4904,-168.0325,sample,10,SBS,MP,2023_01_05,plate,16_2023,G10
e01900_B,e01900,B,20240423,DY22_08_ST24_bottom_1,2022,,,24,Southern Bering Sea,NA,57.4904,-168.0325,sample,bottom,SBS,MP,2023_01_05,plate,16_2023,H10
e01901_B,e01901,B,20240423,DY22_08_ST24_bottom_2,2022,,,24,Southern Bering Sea,NA,57.4904,-168.0325,sample,bottom,SBS,MP,2023_01_05,plate,16_2023,A11
e01902_B,e01902,B,20240423,DY22_08_ST20_10m_1,2022,,,20,Southern Bering Sea,NA,57.0301,-167.0372,sample,10,SBS,MP,2023_01_05,plate,16_2023,B11
e01903_B,e01903,B,20240423,DY22_08_ST20_10m_2,2022,,,20,Southern Bering Sea,NA,57.0301,-167.0372,sample,10,SBS,MP,2023_01_05,plate,16_2023,C11
e01904_B,e01904,B,20240423,DY22_08_ST20_10m_3,2022,,,20,Southern Bering Sea,NA,57.0301,-167.0372,sample,10,SBS,MP,2023_01_05,plate,16_2023,D11
e01905_B,e01905,B,20240423,DY22_08_ST20_bottom_1,2022,,,20,Southern Bering Sea,NA,57.0301,-167.0372,sample,bottom,SBS,MP,2023_01_05,plate,16_2023,E11
e01906_B,e01906,B,20240423,DY22_08_ST20_bottom_2,2022,,,20,Southern Bering Sea,NA,57.0301,-167.0372,sample,bottom,SBS,MP,2023_01_05,plate,16_2023,F11
e01907_B,e01907,B,20240423,DY22_08_ST23_10m_1,2022,,,23,Southern Bering Sea,NA,57.0151,-169.0964,sample,10,SBS,MP,2023_01_05,plate,16_2023,G11
e01908_B,e01908,B,20240423,DY22_08_ST23_10m_2,2022,,,23,Southern Bering Sea,NA,57.0151,-169.0964,sample,10,SBS,MP,2023_01_05,plate,16_2023,H11
e01909_B,e01909,B,20240423,DY22_08_ST23_blank_4,2022,,,23,Southern Bering Sea,NA,57.0151,-169.0964,field_blank,NA,SBS,MP,2023_01_05,plate,16_2023,A12
e01910_B,e01910,B,20240423,DY22_08_ST23_bottom_1,2022,,,23,Southern Bering Sea,NA,57.0151,-169.0964,sample,bottom,SBS,MP,2023_01_05,plate,16_2023,B12
e01911_B,e01911,B,20240423,DY22_08_ST23_bottom_2,2022,,,23,Southern Bering Sea,NA,57.0151,-169.0964,sample,bottom,SBS,MP,2023_01_05,plate,16_2023,C12
e01912_B,e01912,B,20240423,DY22_08_ST23_bottom_3,2022,,,23,Southern Bering Sea,NA,57.0151,-169.0964,sample,bottom,SBS,MP,2023_01_05,plate,16_2023,D12
e01913_B,e01913,B,20240423,DY22_08_ST37_10m_1,2022,,,37,Southern Bering Sea,NA,58.9894,-169.0138,sample,10,SBS,MP,2023_01_05,plate,16_2023,E12
e01914_B,e01914,B,20240423,DY22_08_ST37_10m_2,2022,,,37,Southern Bering Sea,NA,58.9894,-169.0138,sample,10,SBS,MP,2023_01_05,plate,16_2023,F12
e01915_B,e01915,B,20240423,DY22_08_ST37_10m_3,2022,,,37,Southern Bering Sea,NA,58.9894,-169.0138,sample,10,SBS,MP,2023_01_05,plate,16_2023,G12
e01916_B,e01916,B,20240423,DY22_08_ST18_CTD17_10m_1,2022,,,18,Southern Bering Sea,NA,58.0267,-165.0493,sample,10,SBS,MP,2023_01_05,plate,16_2023,H12
e01821_C,e01821,C,20240423,NW22-01_ST31_0m_1,2022,,,31,Northern Bering Sea,09132022 00:24:33.645,63.9993,-168.9962,sample,0,NBS,MP,2023_01_05,plate,16_2023,A01
e01822_C,e01822,C,20240423,NW22-01_ST31_0m_2,2022,,,31,Northern Bering Sea,09132022 00:24:33.645,63.9993,-168.9962,sample,0,NBS,MP,2023_01_05,plate,16_2023,B01
e01823_C,e01823,C,20240423,NW22-01_ST31_0m_3,2022,,,31,Northern Bering Sea,09132022 00:24:33.645,63.9993,-168.9962,sample,0,NBS,MP,2023_01_05,plate,16_2023,C01
e01824_C,e01824,C,20240423,NW22-02_ST31_blank_4,2022,,,31,Northern Bering Sea,09132022 00:24:33.645,63.9993,-168.9962,field_blank,NA,NBS,MP,2023_01_05,plate,16_2023,D01
e01825_C,e01825,C,20240423,NW22-02_ST34_0m_1,2022,,,34,Northern Bering Sea,09142022 15:59:27.346,64.5003,-167.0023,sample,0,NBS,MP,2023_01_05,plate,16_2023,E01
e01826_C,e01826,C,20240423,NW22-02_ST34_0m_2,2022,,,34,Northern Bering Sea,09142022 15:59:27.346,64.5003,-167.0023,sample,0,NBS,MP,2023_01_05,plate,16_2023,F01
e01827_C,e01827,C,20240423,NW22-02_ST34_0m_3,2022,,,34,Northern Bering Sea,09142022 15:59:27.346,64.5003,-167.0023,sample,0,NBS,MP,2023_01_05,plate,16_2023,G01
e01828_C,e01828,C,20240423,NW22-02_ST34_blank_4,2022,,,34,Northern Bering Sea,09142022 15:59:27.346,64.5003,-167.0023,field_blank,NA,NBS,MP,2023_01_05,plate,16_2023,H01
e01829_C,e01829,C,20240423,NW22-02_ST37_0m_1,2022,,,37,Northern Bering Sea,09152022 00:43:40.018,63.9979,-165.9996,sample,0,NBS,MP,2023_01_05,plate,16_2023,A02
e01830_C,e01830,C,20240423,NW22-02_ST37_0m_2,2022,,,37,Northern Bering Sea,09152022 00:43:40.018,63.9979,-165.9996,sample,0,NBS,MP,2023_01_05,plate,16_2023,B02
e01831_C,e01831,C,20240423,NW22-02_ST37_0m_3,2022,,,37,Northern Bering Sea,09152022 00:43:40.018,63.9979,-165.9996,sample,0,NBS,MP,2023_01_05,plate,16_2023,C02
e01832_C,e01832,C,20240423,NW22-02_ST37_blank_4,2022,,,37,Northern Bering Sea,09152022 00:43:40.018,63.9979,-165.9996,field_blank,NA,NBS,MP,2023_01_05,plate,16_2023,D02
e01833_C,e01833,C,20240423,NW22-02_ST40_0m_2,2022,,,40,Northern Bering Sea,09162022 00:14:10.702,64.1013,-164.5009,sample,0,NBS,MP,2023_01_05,plate,16_2023,E02
e01834_C,e01834,C,20240423,NW22-02_ST40_0m_3,2022,,,40,Northern Bering Sea,09162022 00:14:10.702,64.1013,-164.5009,sample,0,NBS,MP,2023_01_05,plate,16_2023,F02
e01835_C,e01835,C,20240423,NW22-02_ST40_blank_4,2022,,,40,Northern Bering Sea,09162022 00:14:10.702,64.1013,-164.5009,field_blank,NA,NBS,MP,2023_01_05,plate,16_2023,G02
e01836_C,e01836,C,20240423,NW22-02_ST4_0m_1,2022,,,4,Northern Bering Sea,09032022 00:50:20.663,60.4974,-169.9963,sample,0,NBS,MP,2023_01_05,plate,16_2023,H02
e01837_C,e01837,C,20240423,NA,NA,NA,NA,NA,NA,NA,NA,NA,extraction_blank,NA,NBS,MP,2023_01_05,plate,16_2023,A03
e01838_C,e01838,C,20240423,NW22-02_ST4_0m_2,2022,,,4,Northern Bering Sea,09032022 00:50:20.663,60.4974,-169.9963,sample,0,NBS,MP,2023_01_05,plate,16_2023,B03
e01839_C,e01839,C,20240423,NW22-02_ST4_0m_3,2022,,,4,Northern Bering Sea,09032022 00:50:20.663,60.4974,-169.9963,sample,0,NBS,MP,2023_01_05,plate,16_2023,C03
e01840_C,e01840,C,20240423,NW22_02_ST5_0m_1,2022,,,5,Northern Bering Sea,09032022 18:56:36.919,60.5061,-169.0089,sample,0,NBS,MP,2023_01_05,plate,16_2023,D03
e01841_C,e01841,C,20240423,NW22_02_ST5_0m_2,2022,,,5,Northern Bering Sea,09032022 18:56:36.919,60.5061,-169.0089,sample,0,NBS,MP,2023_01_05,plate,16_2023,E03
e01842_C,e01842,C,20240423,NW22_02_ST5_0m_3,2022,,,5,Northern Bering Sea,09032022 18:56:36.919,60.5061,-169.0089,sample,0,NBS,MP,2023_01_05,plate,16_2023,F03
e01843_C,e01843,C,20240423,NW22_02_ST7_0m_1,2022,,,7,Northern Bering Sea,09042022 02:34:14.466,60.5004,-166.9975,sample,0,NBS,MP,2023_01_05,plate,16_2023,G03
e01844_C,e01844,C,20240423,NA,NA,NA,NA,NA,NA,NA,NA,NA,extraction_blank,NA,NBS,MP,2023_01_05,plate,16_2023,H03
e01845_C,e01845,C,20240423,NW22_02_ST7_0m_2,2022,,,7,Northern Bering Sea,09042022 02:34:14.466,60.5004,-166.9975,sample,0,NBS,MP,2023_01_05,plate,16_2023,A04
e01846_C,e01846,C,20240423,NW22_02_ST7_0m_3,2022,,,7,Northern Bering Sea,09042022 02:34:14.466,60.5004,-166.9975,sample,0,NBS,MP,2023_01_05,plate,16_2023,B04
e01847_C,e01847,C,20240423,NW22_02_ST7_blank_4,2022,,,7,Northern Bering Sea,09042022 02:34:14.466,60.5004,-166.9975,field_blank,NA,NBS,MP,2023_01_05,plate,16_2023,C04
e01848_C,e01848,C,20240423,NW22_02_ST10_0m_2,2022,,,10,Northern Bering Sea,09052022 01:05:19.178,61.0004,-168.9995,sample,0,NBS,MP,2023_01_05,plate,16_2023,D04
e01849_C,e01849,C,20240423,NW22_02_ST10_0m_3,2022,,,10,Northern Bering Sea,09052022 01:05:19.178,61.0004,-168.9995,sample,0,NBS,MP,2023_01_05,plate,16_2023,E04
e01850_C,e01850,C,20240423,NW22_02_ST10_blank_4,2022,,,10,Northern Bering Sea,09052022 01:05:19.178,61.0004,-168.9995,field_blank,NA,NBS,MP,2023_01_05,plate,16_2023,F04
e01851_C,e01851,C,20240423,NW22_02_ST13_0m_1,2022,,,13,Northern Bering Sea,09062022 00:55:29.781,61.4996,-168.9994,sample,0,NBS,MP,2023_01_05,plate,16_2023,G04
e01852_C,e01852,C,20240423,NW22_02_ST13_0m_2,2022,,,13,Northern Bering Sea,09062022 00:55:29.781,61.4996,-168.9994,sample,0,NBS,MP,2023_01_05,plate,16_2023,H04
e01853_C,e01853,C,20240423,NW22_02_ST13_0m_3,2022,,,13,Northern Bering Sea,09062022 00:55:29.781,61.4996,-168.9994,sample,0,NBS,MP,2023_01_05,plate,16_2023,A05
e01854_C,e01854,C,20240423,NW22_02_ST13_blank_4,2022,,,13,Northern Bering Sea,09062022 00:55:29.781,61.4996,-168.9994,field_blank,NA,NBS,MP,2023_01_05,plate,16_2023,B05
e01855_C,e01855,C,20240423,NW22_02_ST16_0m_1,2022,,,16,Northern Bering Sea,09072022 00:54:22.208,61.9989,-166.9979,sample,0,NBS,MP,2023_01_05,plate,16_2023,C05
e01856_C,e01856,C,20240423,NW22_02_ST16_0m_2,2022,,,16,Northern Bering Sea,09072022 00:54:22.208,61.9989,-166.9979,sample,0,NBS,MP,2023_01_05,plate,16_2023,D05
e01857_C,e01857,C,20240423,NW22_02_ST16_0m_3,2022,,,16,Northern Bering Sea,09072022 00:54:22.208,61.9989,-166.9979,sample,0,NBS,MP,2023_01_05,plate,16_2023,E05
e01858_C,e01858,C,20240423,NW22_02_ST16_blank_4,2022,,,16,Northern Bering Sea,09072022 00:54:22.208,61.9989,-166.9979,field_blank,NA,NBS,MP,2023_01_05,plate,16_2023,F05
e01859_C,e01859,C,20240423,NW22_02_ST40_0m_1,2022,,,40,Northern Bering Sea,09162022 00:14:10.702,64.1013,-164.5009,sample,0,NBS,MP,2023_01_05,plate,16_2023,G05
e01860_C,e01860,C,20240423,NW22_02_ST25_0m_2,2022,,,25,Northern Bering Sea,09112022 00:48:04.748,62.5009,-168.0017,sample,0,NBS,MP,2023_01_05,plate,16_2023,H05
e01861_C,e01861,C,20240423,NA,NA,NA,NA,NA,NA,NA,NA,NA,extraction_blank,NA,NBS,MP,2023_01_05,plate,16_2023,A06
e01862_C,e01862,C,20240423,NW22_02_ST28_0m_1,2022,,,28,Northern Bering Sea,09122022 01:13:58.636,63.5016,-166.9897,sample,0,NBS,MP,2023_01_05,plate,16_2023,B06
e01863_C,e01863,C,20240423,NW22_02_ST28_0m_2,2022,,,28,Northern Bering Sea,09122022 01:13:58.636,63.5016,-166.9897,sample,0,NBS,MP,2023_01_05,plate,16_2023,C06
e01864_C,e01864,C,20240423,NW22_02_ST28_0m_3,2022,,,28,Northern Bering Sea,09122022 01:13:58.636,63.5016,-166.9897,sample,0,NBS,MP,2023_01_05,plate,16_2023,D06
e01865_C,e01865,C,20240423,NW22_02_ST28_blank_4,2022,,,28,Northern Bering Sea,09122022 01:13:58.636,63.5016,-166.9897,field_blank,NA,NBS,MP,2023_01_05,plate,16_2023,E06
e01866_C,e01866,C,20240423,NW22_02_ST21_0m_1,2022,,,21,Northern Bering Sea,09082022 20:11:01.723,62.4997,-170.0002,sample,0,NBS,MP,2023_01_05,plate,16_2023,F06
e01867_C,e01867,C,20240423,NW22_02_ST21_0m_2,2022,,,21,Northern Bering Sea,09082022 20:11:01.723,62.4997,-170.0002,sample,0,NBS,MP,2023_01_05,plate,16_2023,G06
e01868_C,e01868,C,20240423,NA,NA,NA,NA,NA,NA,NA,NA,NA,extraction_blank,NA,NBS,MP,2023_01_05,plate,16_2023,H06
e01869_C,e01869,C,20240423,NW22_02_ST21_0m_3,2022,,,21,Northern Bering Sea,09082022 20:11:01.723,62.4997,-170.0002,sample,0,NBS,MP,2023_01_05,plate,16_2023,A07
e01870_C,e01870,C,20240423,NW22_02_ST21_blank_4,2022,,,21,Northern Bering Sea,09082022 20:11:01.723,62.4997,-170.0002,field_blank,NA,NBS,MP,2023_01_05,plate,16_2023,B07
e01871_C,e01871,C,20240423,NW22_02_ST25_0m_1,2022,,,25,Northern Bering Sea,09112022 00:48:04.748,62.5009,-168.0017,sample,0,NBS,MP,2023_01_05,plate,16_2023,C07
e01872_C,e01872,C,20240423,NW22_02_ST25_0m_3,2022,,,25,Northern Bering Sea,09112022 00:48:04.748,62.5009,-168.0017,sample,0,NBS,MP,2023_01_05,plate,16_2023,D07
e01873_C,e01873,C,20240423,NW22_02_ST25_blank_4,2022,,,25,Northern Bering Sea,09112022 00:48:04.748,62.5009,-168.0017,field_blank,NA,NBS,MP,2023_01_05,plate,16_2023,E07
e01874_C,e01874,C,20240423,NW22_02_ST18_0m_1,2022,,,18,Northern Bering Sea,09072022 20:11:36.072,62.0011,-169.003,sample,0,NBS,MP,2023_01_05,plate,16_2023,F07
e01875_C,e01875,C,20240423,NW22_02_ST18_0m_2,2022,,,18,Northern Bering Sea,09072022 20:11:36.072,62.0011,-169.003,sample,0,NBS,MP,2023_01_05,plate,16_2023,G07
e01876_C,e01876,C,20240423,NW22_02_ST18_0m_3,2022,,,18,Northern Bering Sea,09072022 20:11:36.072,62.0011,-169.003,sample,0,NBS,MP,2023_01_05,plate,16_2023,H07
e01877_C,e01877,C,20240423,NW22_02_ST18_blank_4,2022,,,18,Northern Bering Sea,09072022 20:11:36.072,62.0011,-169.003,field_blank,NA,NBS,MP,2023_01_05,plate,16_2023,A08
e01878_C,e01878,C,20240423,NW22_02_ST10_0m_1,2022,,,10,Northern Bering Sea,09052022 01:05:19.178,61.0004,-168.9995,sample,0,NBS,MP,2023_01_05,plate,16_2023,B08
e01879_C,e01879,C,20240423,NA,NA,NA,NA,NA,NA,NA,NA,NA,extraction_blank,NA,NBS,MP,2023_01_05,plate,16_2023,C08
e01880_C,e01880,C,20240423,NA,NA,NA,NA,NA,NA,NA,NA,NA,extraction_blank,NA,NBS,MP,2023_01_05,plate,16_2023,D08
e01881_C,e01881,C,20240423,NA,NA,NA,NA,NA,NA,NA,NA,NA,extraction_blank,NA,NBS,MP,2023_01_05,plate,16_2023,E08
e01882_C,e01882,C,20240423,NA,NA,NA,NA,NA,NA,NA,NA,NA,extraction_blank,NA,NBS,MP,2023_01_05,plate,16_2023,F08
PC16_C,PC16,C,20240423,NA,NA,NA,NA,NA,NA,NA,NA,NA,positive_control,NA,NBS,MP,2023_01_05,plate,16_2023,G08
NC16_C,NC16,C,20240423,NA,NA,NA,NA,NA,NA,NA,NA,NA,PCR_blank,NA,NBS,MP,2023_01_05,plate,16_2023,H08
e01885_C,e01885,C,20240423,DY22_08_ST16_0m_1,2022,,,16,Southern Bering Sea,NA,57.4752,-164.0299,sample,0,SBS,MP,2023_01_05,plate,16_2023,A09
e01886_C,e01886,C,20240423,DY22_08_ST16_0m_2,2022,,,16,Southern Bering Sea,NA,57.4752,-164.0299,sample,0,SBS,MP,2023_01_05,plate,16_2023,B09
e01887_C,e01887,C,20240423,DY22_08_ST16_0m_3,2022,,,16,Southern Bering Sea,NA,57.4752,-164.0299,sample,0,SBS,MP,2023_01_05,plate,16_2023,C09
e01888_C,e01888,C,20240423,DY22_08_ST16_blank_4,2022,,,16,Southern Bering Sea,NA,57.4752,-164.0299,field_blank,NA,SBS,MP,2023_01_05,plate,16_2023,D09
e01889_C,e01889,C,20240423,DY22_08_ST18_CTD17_10m_1,2022,,,18,Southern Bering Sea,NA,58.0267,-165.0493,sample,10,SBS,MP,2023_01_05,plate,16_2023,E09
e01890_C,e01890,C,20240423,DY22_08_ST18_CTD17_10m_2,2022,,,18,Southern Bering Sea,NA,58.0267,-165.0493,sample,10,SBS,MP,2023_01_05,plate,16_2023,F09
e01891_C,e01891,C,20240423,DY22_08_ST18_CTD17_10m_3,2022,,,18,Southern Bering Sea,NA,58.0267,-165.0493,sample,10,SBS,MP,2023_01_05,plate,16_2023,G09
e01892_C,e01892,C,20240423,DY22_08_ST18_CTD17_blank_4,2022,,,18,Southern Bering Sea,NA,58.0267,-165.0493,field_blank,NA,SBS,MP,2023_01_05,plate,16_2023,H09
e01893_C,e01893,C,20240423,DY22_08_ST19_bottom_1,2022,,,19,Southern Bering Sea,NA,57.5235,-166.0324,sample,bottom,SBS,MP,2023_01_05,plate,16_2023,A10
e01894_C,e01894,C,20240423,DY22_08_ST19_bottom_2,2022,,,19,Southern Bering Sea,NA,57.5235,-166.0324,sample,bottom,SBS,MP,2023_01_05,plate,16_2023,B10
e01895_C,e01895,C,20240423,DY22_08_ST19_CTD_18_10m_1,2022,,,19,Southern Bering Sea,NA,57.5235,-166.0324,sample,10,SBS,MP,2023_01_05,plate,16_2023,C10
e01896_C,e01896,C,20240423,DY22_08_ST19_CTD_18_10m_2,2022,,,19,Southern Bering Sea,NA,57.5235,-166.0324,sample,10,SBS,MP,2023_01_05,plate,16_2023,D10
e01897_C,e01897,C,20240423,DY22_08_ST24_10m_1,2022,,,24,Southern Bering Sea,NA,57.4904,-168.0325,sample,10,SBS,MP,2023_01_05,plate,16_2023,E10
e01898_C,e01898,C,20240423,DY22_08_ST24_10m_2,2022,,,24,Southern Bering Sea,NA,57.4904,-168.0325,sample,10,SBS,MP,2023_01_05,plate,16_2023,F10
e01899_C,e01899,C,20240423,DY22_08_ST24_10m_3,2022,,,24,Southern Bering Sea,NA,57.4904,-168.0325,sample,10,SBS,MP,2023_01_05,plate,16_2023,G10
e01900_C,e01900,C,20240423,DY22_08_ST24_bottom_1,2022,,,24,Southern Bering Sea,NA,57.4904,-168.0325,sample,bottom,SBS,MP,2023_01_05,plate,16_2023,H10
e01901_C,e01901,C,20240423,DY22_08_ST24_bottom_2,2022,,,24,Southern Bering Sea,NA,57.4904,-168.0325,sample,bottom,SBS,MP,2023_01_05,plate,16_2023,A11
e01902_C,e01902,C,20240423,DY22_08_ST20_10m_1,2022,,,20,Southern Bering Sea,NA,57.0301,-167.0372,sample,10,SBS,MP,2023_01_05,plate,16_2023,B11
e01903_C,e01903,C,20240423,DY22_08_ST20_10m_2,2022,,,20,Southern Bering Sea,NA,57.0301,-167.0372,sample,10,SBS,MP,2023_01_05,plate,16_2023,C11
e01904_C,e01904,C,20240423,DY22_08_ST20_10m_3,2022,,,20,Southern Bering Sea,NA,57.0301,-167.0372,sample,10,SBS,MP,2023_01_05,plate,16_2023,D11
e01905_C,e01905,C,20240423,DY22_08_ST20_bottom_1,2022,,,20,Southern Bering Sea,NA,57.0301,-167.0372,sample,bottom,SBS,MP,2023_01_05,plate,16_2023,E11
e01906_C,e01906,C,20240423,DY22_08_ST20_bottom_2,2022,,,20,Southern Bering Sea,NA,57.0301,-167.0372,sample,bottom,SBS,MP,2023_01_05,plate,16_2023,F11
e01907_C,e01907,C,20240423,DY22_08_ST23_10m_1,2022,,,23,Southern Bering Sea,NA,57.0151,-169.0964,sample,10,SBS,MP,2023_01_05,plate,16_2023,G11
e01908_C,e01908,C,20240423,DY22_08_ST23_10m_2,2022,,,23,Southern Bering Sea,NA,57.0151,-169.0964,sample,10,SBS,MP,2023_01_05,plate,16_2023,H11
e01909_C,e01909,C,20240423,DY22_08_ST23_blank_4,2022,,,23,Southern Bering Sea,NA,57.0151,-169.0964,field_blank,NA,SBS,MP,2023_01_05,plate,16_2023,A12
e01910_C,e01910,C,20240423,DY22_08_ST23_bottom_1,2022,,,23,Southern Bering Sea,NA,57.0151,-169.0964,sample,bottom,SBS,MP,2023_01_05,plate,16_2023,B12
e01911_C,e01911,C,20240423,DY22_08_ST23_bottom_2,2022,,,23,Southern Bering Sea,NA,57.0151,-169.0964,sample,bottom,SBS,MP,2023_01_05,plate,16_2023,C12
e01912_C,e01912,C,20240423,DY22_08_ST23_bottom_3,2022,,,23,Southern Bering Sea,NA,57.0151,-169.0964,sample,bottom,SBS,MP,2023_01_05,plate,16_2023,D12
e01913_C,e01913,C,20240423,DY22_08_ST37_10m_1,2022,,,37,Southern Bering Sea,NA,58.9894,-169.0138,sample,10,SBS,MP,2023_01_05,plate,16_2023,E12
e01914_C,e01914,C,20240423,DY22_08_ST37_10m_2,2022,,,37,Southern Bering Sea,NA,58.9894,-169.0138,sample,10,SBS,MP,2023_01_05,plate,16_2023,F12
e01915_C,e01915,C,20240423,DY22_08_ST37_10m_3,2022,,,37,Southern Bering Sea,NA,58.9894,-169.0138,sample,10,SBS,MP,2023_01_05,plate,16_2023,G12
e01916_C,e01916,C,20240423,DY22_08_ST18_CTD17_10m_1,2022,,,18,Southern Bering Sea,NA,58.0267,-165.0493,sample,10,SBS,MP,2023_01_05,plate,16_2023,H12
